id_subsistema;nom_subsistema;ear_data;ear_max_subsistema;ear_verif_subsistema_mwmes;ear_verif_subsistema_percentual
NE;NORDESTE;2026-01-01;51691.226;23746.684;45.9395
N ;NORTE;2026-01-01;15302.396;8377.915;54.749
SE;SUDESTE;2026-01-01;204615.328;86248.982;42.1518
S ;SUL;2026-01-01;20459.242;14727.355;71.9839
NE;NORDESTE;2026-01-02;51691.226;23787.557;46.0186
N ;NORTE;2026-01-02;15302.396;8377.862;54.7487
SE;SUDESTE;2026-01-02;204615.328;86314.413;42.1837
S ;SUL;2026-01-02;20459.242;14787.007;72.2754
NE;NORDESTE;2026-01-03;51691.226;23832.24;46.105
N ;NORTE;2026-01-03;15302.396;8393.611;54.8516
SE;SUDESTE;2026-01-03;204615.328;86337.887;42.1952
S ;SUL;2026-01-03;20459.242;14800.683;72.3423
NE;NORDESTE;2026-01-04;51691.226;23894.903;46.2262
N ;NORTE;2026-01-04;15302.396;8414.213;54.9862
SE;SUDESTE;2026-01-04;204615.328;86781.445;42.412
S ;SUL;2026-01-04;20459.242;14783.314;72.2574
NE;NORDESTE;2026-01-05;51691.226;23997.602;46.4249
N ;NORTE;2026-01-05;15302.396;8458.175;55.2735
SE;SUDESTE;2026-01-05;204615.328;87237.189;42.6347
S ;SUL;2026-01-05;20459.242;14663.479;71.6717
NE;NORDESTE;2026-01-06;51691.226;24071.362;46.5676
N ;NORTE;2026-01-06;15302.396;8454.764;55.2512
SE;SUDESTE;2026-01-06;204615.328;87552.826;42.789
S ;SUL;2026-01-06;20459.242;14547.371;71.1042
NE;NORDESTE;2026-01-07;51691.226;24151.074;46.7218
N ;NORTE;2026-01-07;15302.396;8432.913;55.1084
SE;SUDESTE;2026-01-07;204615.328;87723.997;42.8726
S ;SUL;2026-01-07;20459.242;14456.088;70.658
NE;NORDESTE;2026-01-08;51691.226;24220.352;46.8558
N ;NORTE;2026-01-08;15302.396;8445.649;55.1917
SE;SUDESTE;2026-01-08;204615.328;87806.835;42.9131
S ;SUL;2026-01-08;20459.242;14324.526;70.0149
NE;NORDESTE;2026-01-09;51691.226;24262.425;46.9372
N ;NORTE;2026-01-09;15302.396;8452.764;55.2382
SE;SUDESTE;2026-01-09;204615.328;87785.74;42.9028
S ;SUL;2026-01-09;20459.242;14200.581;69.4091
NE;NORDESTE;2026-01-10;51691.226;24283.945;46.9789
N ;NORTE;2026-01-10;15302.396;8497.395;55.5298
SE;SUDESTE;2026-01-10;204615.328;87882.01;42.9499
S ;SUL;2026-01-10;20459.242;14235.974;69.5821
NE;NORDESTE;2026-01-11;51691.226;24287.09;46.9849
N ;NORTE;2026-01-11;15302.396;8516.726;55.6562
SE;SUDESTE;2026-01-11;204615.328;87949.9;42.983
S ;SUL;2026-01-11;20459.242;14278.979;69.7923
NE;NORDESTE;2026-01-12;51691.226;24279.309;46.9699
N ;NORTE;2026-01-12;15302.396;8522.283;55.6925
SE;SUDESTE;2026-01-12;204615.328;87758.978;42.8897
S ;SUL;2026-01-12;20459.242;14207.547;69.4432
NE;NORDESTE;2026-01-13;51691.226;24283.147;46.9773
N ;NORTE;2026-01-13;15302.396;8543.376;55.8303
SE;SUDESTE;2026-01-13;204615.328;87726.871;42.874
S ;SUL;2026-01-13;20459.242;14086.605;68.852
NE;NORDESTE;2026-01-14;51691.226;24322.698;47.0538
N ;NORTE;2026-01-14;15302.396;8561.793;55.9507
SE;SUDESTE;2026-01-14;204615.328;87753.147;42.8869
S ;SUL;2026-01-14;20459.242;13981.839;68.34
NE;NORDESTE;2026-01-15;51691.226;24358.357;47.1228
N ;NORTE;2026-01-15;15302.396;8565.206;55.973
SE;SUDESTE;2026-01-15;204615.328;87801.057;42.9103
S ;SUL;2026-01-15;20459.242;13863.203;67.7601
NE;NORDESTE;2026-01-16;51691.226;24423.478;47.2488
N ;NORTE;2026-01-16;15302.396;8575.947;56.0432
SE;SUDESTE;2026-01-16;204615.328;87845.792;42.9322
S ;SUL;2026-01-16;20459.242;13718.021;67.0505
NE;NORDESTE;2026-01-17;51691.226;24496.177;47.3894
N ;NORTE;2026-01-17;15302.396;8569.785;56.0029
SE;SUDESTE;2026-01-17;204615.328;88002.681;43.0088
S ;SUL;2026-01-17;20459.242;13657.433;66.7543
NE;NORDESTE;2026-01-18;51691.226;24578.258;47.5482
N ;NORTE;2026-01-18;15302.396;8569.303;55.9997
SE;SUDESTE;2026-01-18;204615.328;88286.33;43.1475
S ;SUL;2026-01-18;20459.242;13647.491;66.7058
NE;NORDESTE;2026-01-19;51691.226;24661.867;47.71
N ;NORTE;2026-01-19;15302.396;8556.442;55.9157
SE;SUDESTE;2026-01-19;204615.328;88516.072;43.2597
S ;SUL;2026-01-19;20459.242;13544.337;66.2016
NE;NORDESTE;2026-01-20;51691.226;24844.709;48.0637
N ;NORTE;2026-01-20;15302.396;8537.817;55.794
SE;SUDESTE;2026-01-20;204615.328;88932.928;43.4635
S ;SUL;2026-01-20;20459.242;13455.127;65.7655
NE;NORDESTE;2026-01-21;51691.226;25155.17;48.6643
N ;NORTE;2026-01-21;15302.396;8555.408;55.9089
SE;SUDESTE;2026-01-21;204615.328;89385.035;43.6844
S ;SUL;2026-01-21;20459.242;13345.183;65.2281
NE;NORDESTE;2026-01-22;51691.226;25593.777;49.5128
N ;NORTE;2026-01-22;15302.396;8626.493;56.3735
SE;SUDESTE;2026-01-22;204615.328;90037.655;44.0034
S ;SUL;2026-01-22;20459.242;13291.549;64.966
NE;NORDESTE;2026-01-23;51691.226;26021.733;50.3407
N ;NORTE;2026-01-23;15302.396;8723.402;57.0068
SE;SUDESTE;2026-01-23;204615.328;90797.703;44.3748
S ;SUL;2026-01-23;20459.242;13249.868;64.7623
NE;NORDESTE;2026-01-24;51691.226;26359.742;50.9946
N ;NORTE;2026-01-24;15302.396;8817.739;57.6233
SE;SUDESTE;2026-01-24;204615.328;91689.994;44.8109
S ;SUL;2026-01-24;20459.242;13202.508;64.5308
NE;NORDESTE;2026-01-25;51691.226;26602.329;51.4639
N ;NORTE;2026-01-25;15302.396;8876.186;58.0052
SE;SUDESTE;2026-01-25;204615.328;92850.195;45.3779
S ;SUL;2026-01-25;20459.242;13175.153;64.3971
NE;NORDESTE;2026-01-26;51691.226;26811.024;51.8676
N ;NORTE;2026-01-26;15302.396;8898.006;58.1478
SE;SUDESTE;2026-01-26;204615.328;93697.63;45.7921
S ;SUL;2026-01-26;20459.242;13030.652;63.6908
NE;NORDESTE;2026-01-27;51691.226;27012.055;52.2566
N ;NORTE;2026-01-27;15302.396;8954.559;58.5174
SE;SUDESTE;2026-01-27;204615.328;94439.958;46.1549
S ;SUL;2026-01-27;20459.242;12789.522;62.5122
NE;NORDESTE;2026-01-28;51691.226;27196.677;52.6137
N ;NORTE;2026-01-28;15302.396;8994.435;58.778
SE;SUDESTE;2026-01-28;204615.328;94931.843;46.3953
S ;SUL;2026-01-28;20459.242;12565.036;61.415
NE;NORDESTE;2026-01-29;51691.226;27333.34;52.8781
N ;NORTE;2026-01-29;15302.396;9019.449;58.9414
SE;SUDESTE;2026-01-29;204615.328;95496.678;46.6713
S ;SUL;2026-01-29;20459.242;12343.452;60.3319
NE;NORDESTE;2026-01-30;51691.226;27481.62;53.165
N ;NORTE;2026-01-30;15302.396;8986.863;58.7285
SE;SUDESTE;2026-01-30;204615.328;96135.375;46.9835
S ;SUL;2026-01-30;20459.242;12148.912;59.381
NE;NORDESTE;2026-01-31;51691.226;27662.456;53.5148
N ;NORTE;2026-01-31;15302.396;8975.818;58.6563
SE;SUDESTE;2026-01-31;204615.328;96959.204;47.3861
S ;SUL;2026-01-31;20459.242;12032.186;58.8105
NE;NORDESTE;2026-02-01;51691.226;27902.734;53.9796
N ;NORTE;2026-02-01;15302.396;8956.737;58.5316
SE;SUDESTE;2026-02-01;204615.328;97935.195;47.8631
S ;SUL;2026-02-01;20459.242;11959.044;58.453
NE;NORDESTE;2026-02-02;51691.226;28147.196;54.4526
N ;NORTE;2026-02-02;15302.396;8933.101;58.3771
SE;SUDESTE;2026-02-02;204615.328;98648.274;48.2116
S ;SUL;2026-02-02;20459.242;11772.533;57.5414
NE;NORDESTE;2026-02-03;51691.226;28372.559;54.8885
N ;NORTE;2026-02-03;15302.396;8893.062;58.1155
SE;SUDESTE;2026-02-03;204615.328;99345.505;48.5523
S ;SUL;2026-02-03;20459.242;11559.967;56.5024
NE;NORDESTE;2026-02-04;51691.226;28617.892;55.3632
N ;NORTE;2026-02-04;15302.396;8863.432;57.9219
SE;SUDESTE;2026-02-04;204615.328;100198.805;48.9694
S ;SUL;2026-02-04;20459.242;11352.152;55.4867
NE;NORDESTE;2026-02-05;51691.226;28887.822;55.8853
N ;NORTE;2026-02-05;15302.396;8827.413;57.6865
SE;SUDESTE;2026-02-05;204615.328;100958.504;49.3406
S ;SUL;2026-02-05;20459.242;11102.716;54.2675
NE;NORDESTE;2026-02-06;51691.226;29140.857;56.3749
N ;NORTE;2026-02-06;15302.396;8824.605;57.6681
SE;SUDESTE;2026-02-06;204615.328;101725.761;49.7156
S ;SUL;2026-02-06;20459.242;10895.942;53.2568
NE;NORDESTE;2026-02-07;51691.226;29497.197;57.0642
N ;NORTE;2026-02-07;15302.396;8874.867;57.9966
SE;SUDESTE;2026-02-07;204615.328;102752.229;50.2173
S ;SUL;2026-02-07;20459.242;10722.524;52.4092
NE;NORDESTE;2026-02-08;51691.226;29865.176;57.7761
N ;NORTE;2026-02-08;15302.396;8907.491;58.2098
SE;SUDESTE;2026-02-08;204615.328;103882.306;50.7696
S ;SUL;2026-02-08;20459.242;10597.351;51.7974
NE;NORDESTE;2026-02-09;51691.226;30236.273;58.494
N ;NORTE;2026-02-09;15302.396;8927.499;58.3405
SE;SUDESTE;2026-02-09;204615.328;105007.915;51.3197
S ;SUL;2026-02-09;20459.242;10392.169;50.7945
NE;NORDESTE;2026-02-10;51691.226;30602.644;59.2028
N ;NORTE;2026-02-10;15302.396;8957.356;58.5356
SE;SUDESTE;2026-02-10;204615.328;106488.23;52.0431
S ;SUL;2026-02-10;20459.242;10198.123;49.846
NE;NORDESTE;2026-02-11;51691.226;30920.346;59.8174
N ;NORTE;2026-02-11;15302.396;8957.639;58.5375
SE;SUDESTE;2026-02-11;204615.328;107785.555;52.6772
S ;SUL;2026-02-11;20459.242;9970.021;48.7311
NE;NORDESTE;2026-02-12;51691.226;31276.509;60.5064
N ;NORTE;2026-02-12;15302.396;8952.116;58.5014
SE;SUDESTE;2026-02-12;204615.328;108839.315;53.1922
S ;SUL;2026-02-12;20459.242;9719.81;47.5082
NE;NORDESTE;2026-02-13;51691.226;31629.673;61.1896
N ;NORTE;2026-02-13;15302.396;8982.537;58.7002
SE;SUDESTE;2026-02-13;204615.328;109514.908;53.5223
S ;SUL;2026-02-13;20459.242;9512.522;46.495
NE;NORDESTE;2026-02-14;51691.226;31941.322;61.7925
N ;NORTE;2026-02-14;15302.396;9075.68;59.3089
SE;SUDESTE;2026-02-14;204615.328;110443.341;53.9761
S ;SUL;2026-02-14;20459.242;9450.532;46.192
NE;NORDESTE;2026-02-15;51691.226;32248.822;62.3874
N ;NORTE;2026-02-15;15302.396;9172.306;59.9403
SE;SUDESTE;2026-02-15;204615.328;111300.682;54.3951
S ;SUL;2026-02-15;20459.242;9504.595;46.4562
NE;NORDESTE;2026-02-16;51691.226;32550.48;62.971
N ;NORTE;2026-02-16;15302.396;9324.419;60.9344
SE;SUDESTE;2026-02-16;204615.328;111806.104;54.6421
S ;SUL;2026-02-16;20459.242;9502.991;46.4484
NE;NORDESTE;2026-02-17;51691.226;32850.249;63.5509
N ;NORTE;2026-02-17;15302.396;9479.747;61.9494
SE;SUDESTE;2026-02-17;204615.328;112038.866;54.7559
S ;SUL;2026-02-17;20459.242;9472.977;46.3017
NE;NORDESTE;2026-02-18;51691.226;33175.874;64.1809
N ;NORTE;2026-02-18;15302.396;9600.844;62.7408
SE;SUDESTE;2026-02-18;204615.328;112065.904;54.7691
S ;SUL;2026-02-18;20459.242;9377.105;45.8331
NE;NORDESTE;2026-02-19;51691.226;33497.626;64.8033
N ;NORTE;2026-02-19;15302.396;9682.779;63.2762
SE;SUDESTE;2026-02-19;204615.328;112191.714;54.8306
S ;SUL;2026-02-19;20459.242;9262.538;45.2731
NE;NORDESTE;2026-02-20;51691.226;33846.721;65.4787
N ;NORTE;2026-02-20;15302.396;9758.478;63.7709
SE;SUDESTE;2026-02-20;204615.328;112271.177;54.8694
S ;SUL;2026-02-20;20459.242;9100.068;44.479
NE;NORDESTE;2026-02-21;51691.226;34211.67;66.1847
N ;NORTE;2026-02-21;15302.396;9833.967;64.2642
SE;SUDESTE;2026-02-21;204615.328;112808.266;55.1319
S ;SUL;2026-02-21;20459.242;9028.624;44.1298
NE;NORDESTE;2026-02-22;51691.226;34592.961;66.9223
N ;NORTE;2026-02-22;15302.396;9925.18;64.8603
SE;SUDESTE;2026-02-22;204615.328;113389.569;55.416
S ;SUL;2026-02-22;20459.242;8993.109;43.9562
NE;NORDESTE;2026-02-23;51691.226;34909.401;67.5345
N ;NORTE;2026-02-23;15302.396;9978.838;65.211
SE;SUDESTE;2026-02-23;204615.328;113815.965;55.6244
S ;SUL;2026-02-23;20459.242;8838.554;43.2008
NE;NORDESTE;2026-02-24;51691.226;35318.217;68.3254
N ;NORTE;2026-02-24;15302.396;10036.446;65.5874
SE;SUDESTE;2026-02-24;204615.328;114512.278;55.9647
S ;SUL;2026-02-24;20459.242;8676.73;42.4098
NE;NORDESTE;2026-02-25;51691.226;35777.899;69.2146
N ;NORTE;2026-02-25;15302.396;10066.437;65.7834
SE;SUDESTE;2026-02-25;204615.328;115145.165;56.274
S ;SUL;2026-02-25;20459.242;8523.747;41.6621
NE;NORDESTE;2026-02-26;51691.226;36285.376;70.1964
N ;NORTE;2026-02-26;15302.396;10120.644;66.1376
SE;SUDESTE;2026-02-26;204615.328;115848.161;56.6175
S ;SUL;2026-02-26;20459.242;8384.691;40.9824
NE;NORDESTE;2026-02-27;51691.226;36787.803;71.1684
N ;NORTE;2026-02-27;15302.396;10216.416;66.7635
SE;SUDESTE;2026-02-27;204615.328;116544.065;56.9576
S ;SUL;2026-02-27;20459.242;8243.577;40.2927
NE;NORDESTE;2026-02-28;51691.226;37333.956;72.2249
N ;NORTE;2026-02-28;15302.396;10368.615;67.7581
SE;SUDESTE;2026-02-28;204615.328;117277.297;57.316
S ;SUL;2026-02-28;20459.242;8193.08;40.0459
NE;NORDESTE;2026-03-01;51691.226;37862.07;73.2466
N ;NORTE;2026-03-01;15302.396;10570.445;69.0771
SE;SUDESTE;2026-03-01;204615.328;117929.565;57.6348
S ;SUL;2026-03-01;20459.242;8196.456;40.0624
NE;NORDESTE;2026-03-02;51691.226;38331.994;74.1557
N ;NORTE;2026-03-02;15302.396;10712.508;70.0054
SE;SUDESTE;2026-03-02;204615.328;118114.982;57.7254
S ;SUL;2026-03-02;20459.242;8126.154;39.7187
NE;NORDESTE;2026-03-03;51691.226;38769.237;75.0016
N ;NORTE;2026-03-03;15302.396;10865.225;71.0034
SE;SUDESTE;2026-03-03;204615.328;118267.035;57.7997
S ;SUL;2026-03-03;20459.242;8018.62;39.1931
NE;NORDESTE;2026-03-04;51691.226;39214.288;75.8626
N ;NORTE;2026-03-04;15302.396;11077.141;72.3883
SE;SUDESTE;2026-03-04;204615.328;118380.292;57.855
S ;SUL;2026-03-04;20459.242;7924.607;38.7336
NE;NORDESTE;2026-03-05;51691.226;39674.501;76.7529
N ;NORTE;2026-03-05;15302.396;11369.803;74.3008
SE;SUDESTE;2026-03-05;204615.328;118513.02;57.9199
S ;SUL;2026-03-05;20459.242;7809.108;38.1691
NE;NORDESTE;2026-03-06;51691.226;40075.214;77.5281
N ;NORTE;2026-03-06;15302.396;11707.913;76.5103
SE;SUDESTE;2026-03-06;204615.328;118851.897;58.0855
S ;SUL;2026-03-06;20459.242;7699.402;37.6329
NE;NORDESTE;2026-03-07;51691.226;40416.405;78.1881
N ;NORTE;2026-03-07;15302.396;12059.219;78.8061
SE;SUDESTE;2026-03-07;204615.328;119494.179;58.3994
S ;SUL;2026-03-07;20459.242;7643.215;37.3583
NE;NORDESTE;2026-03-08;51691.226;40730.269;78.7953
N ;NORTE;2026-03-08;15302.396;12443.328;81.3162
SE;SUDESTE;2026-03-08;204615.328;120040.021;58.6662
S ;SUL;2026-03-08;20459.242;7597.197;37.1333
NE;NORDESTE;2026-03-09;51691.226;41033.563;79.3821
N ;NORTE;2026-03-09;15302.396;12732.877;83.2084
SE;SUDESTE;2026-03-09;204615.328;120428.489;58.856
S ;SUL;2026-03-09;20459.242;7515.901;36.736
NE;NORDESTE;2026-03-10;51691.226;41308.836;79.9146
N ;NORTE;2026-03-10;15302.396;13049.173;85.2754
SE;SUDESTE;2026-03-10;204615.328;121099.779;59.1841
S ;SUL;2026-03-10;20459.242;7443.733;36.3832
NE;NORDESTE;2026-03-11;51691.226;41595.389;80.469
N ;NORTE;2026-03-11;15302.396;13282.726;86.8016
SE;SUDESTE;2026-03-11;204615.328;121754.686;59.5042
S ;SUL;2026-03-11;20459.242;7360.068;35.9743
NE;NORDESTE;2026-03-12;51691.226;41874.188;81.0083
N ;NORTE;2026-03-12;15302.396;13469.33;88.0211
SE;SUDESTE;2026-03-12;204615.328;122648.866;59.9412
S ;SUL;2026-03-12;20459.242;7284.177;35.6034
NE;NORDESTE;2026-03-13;51691.226;42129.193;81.5016
N ;NORTE;2026-03-13;15302.396;13677.018;89.3783
SE;SUDESTE;2026-03-13;204615.328;123523.583;60.3687
S ;SUL;2026-03-13;20459.242;7237.879;35.3771
NE;NORDESTE;2026-03-14;51691.226;42401.255;82.028
N ;NORTE;2026-03-14;15302.396;13789.037;90.1103
SE;SUDESTE;2026-03-14;204615.328;124194.906;60.6968
S ;SUL;2026-03-14;20459.242;7232.337;35.35
NE;NORDESTE;2026-03-15;51691.226;42674.831;82.5572
N ;NORTE;2026-03-15;15302.396;13895.713;90.8074
SE;SUDESTE;2026-03-15;204615.328;124858.269;61.021
S ;SUL;2026-03-15;20459.242;7224.766;35.313
NE;NORDESTE;2026-03-16;51691.226;42909.358;83.0109
N ;NORTE;2026-03-16;15302.396;13923.698;90.9903
SE;SUDESTE;2026-03-16;204615.328;125459.609;61.3149
S ;SUL;2026-03-16;20459.242;7107.941;34.742
NE;NORDESTE;2026-03-17;51691.226;43160.176;83.4961
N ;NORTE;2026-03-17;15302.396;13969.282;91.2882
SE;SUDESTE;2026-03-17;204615.328;126146.773;61.6507
S ;SUL;2026-03-17;20459.242;6975.872;34.0964
NE;NORDESTE;2026-03-18;51691.226;43387.809;83.9365
N ;NORTE;2026-03-18;15302.396;14009.499;91.551
SE;SUDESTE;2026-03-18;204615.328;126804.164;61.972
S ;SUL;2026-03-18;20459.242;6866.475;33.5617
NE;NORDESTE;2026-03-19;51691.226;43624.356;84.3941
N ;NORTE;2026-03-19;15302.396;14076.882;91.9914
SE;SUDESTE;2026-03-19;204615.328;127281.106;62.2051
S ;SUL;2026-03-19;20459.242;6754.265;33.0133
NE;NORDESTE;2026-03-20;51691.226;43818.439;84.7696
N ;NORTE;2026-03-20;15302.396;14132.474;92.3546
SE;SUDESTE;2026-03-20;204615.328;128193.159;62.6508
S ;SUL;2026-03-20;20459.242;6672.885;32.6155
NE;NORDESTE;2026-03-21;51691.226;44036.422;85.1913
N ;NORTE;2026-03-21;15302.396;14142.566;92.4206
SE;SUDESTE;2026-03-21;204615.328;128994.418;63.0424
S ;SUL;2026-03-21;20459.242;6623.75;32.3753
NE;NORDESTE;2026-03-22;51691.226;44258.569;85.621
N ;NORTE;2026-03-22;15302.396;14163.067;92.5546
SE;SUDESTE;2026-03-22;204615.328;129685.138;63.38
S ;SUL;2026-03-22;20459.242;6700.477;32.7504
NE;NORDESTE;2026-03-23;51691.226;44493.671;86.0759
N ;NORTE;2026-03-23;15302.396;14149.778;92.4677
SE;SUDESTE;2026-03-23;204615.328;130361.484;63.7105
S ;SUL;2026-03-23;20459.242;6729.655;32.893
NE;NORDESTE;2026-03-24;51691.226;44729.35;86.5318
N ;NORTE;2026-03-24;15302.396;14215.727;92.8987
SE;SUDESTE;2026-03-24;204615.328;131104.806;64.0738
S ;SUL;2026-03-24;20459.242;6749.331;32.9892
NE;NORDESTE;2026-03-25;51691.226;44975.333;87.0077
N ;NORTE;2026-03-25;15302.396;14256.021;93.162
SE;SUDESTE;2026-03-25;204615.328;131709.333;64.3692
S ;SUL;2026-03-25;20459.242;6741.678;32.9517
NE;NORDESTE;2026-03-26;51691.226;45265.522;87.5691
N ;NORTE;2026-03-26;15302.396;14331.081;93.6525
SE;SUDESTE;2026-03-26;204615.328;132305.617;64.6607
S ;SUL;2026-03-26;20459.242;6724.895;32.8697
NE;NORDESTE;2026-03-27;51691.226;45513.673;88.0491
N ;NORTE;2026-03-27;15302.396;14415.488;94.2041
SE;SUDESTE;2026-03-27;204615.328;132688.891;64.848
S ;SUL;2026-03-27;20459.242;6661.165;32.5582
NE;NORDESTE;2026-03-28;51691.226;45756.744;88.5194
N ;NORTE;2026-03-28;15302.396;14420.289;94.2355
SE;SUDESTE;2026-03-28;204615.328;133111.727;65.0546
S ;SUL;2026-03-28;20459.242;6633.326;32.4221
NE;NORDESTE;2026-03-29;51691.226;45982.764;88.9566
N ;NORTE;2026-03-29;15302.396;14448.346;94.4188
SE;SUDESTE;2026-03-29;204615.328;133411.445;65.2011
S ;SUL;2026-03-29;20459.242;6625.866;32.3857
NE;NORDESTE;2026-03-30;51691.226;46147.798;89.2759
N ;NORTE;2026-03-30;15302.396;14452.533;94.4462
SE;SUDESTE;2026-03-30;204615.328;133425.329;65.2079
S ;SUL;2026-03-30;20459.242;6542.403;31.9777
NE;NORDESTE;2026-03-31;51691.226;46316.722;89.6027
N ;NORTE;2026-03-31;15302.396;14416.973;94.2138
SE;SUDESTE;2026-03-31;204615.328;133552.542;65.2701
S ;SUL;2026-03-31;20459.242;6470.082;31.6243
NE;NORDESTE;2026-04-01;51691.226;46466.246;89.8919
N ;NORTE;2026-04-01;15302.396;14392.974;94.057
SE;SUDESTE;2026-04-01;204615.328;133821.039;65.4013
S ;SUL;2026-04-01;20459.242;6420.056;31.3797
NE;NORDESTE;2026-04-02;51691.226;46599.531;90.1498
N ;NORTE;2026-04-02;15302.396;14447.144;94.411
SE;SUDESTE;2026-04-02;204615.328;134115.586;65.5452
S ;SUL;2026-04-02;20459.242;6362.292;31.0974
NE;NORDESTE;2026-04-03;51691.226;46803.059;90.5435
N ;NORTE;2026-04-03;15302.396;14493.982;94.7171
SE;SUDESTE;2026-04-03;204615.328;134595.05;65.7796
S ;SUL;2026-04-03;20459.242;6364.772;31.1095
NE;NORDESTE;2026-04-04;51691.226;47025.904;90.9746
N ;NORTE;2026-04-04;15302.396;14557.132;95.1298
SE;SUDESTE;2026-04-04;204615.328;134965.706;65.9607
S ;SUL;2026-04-04;20459.242;6368.104;31.1258
NE;NORDESTE;2026-04-05;51691.226;47254.395;91.4167
N ;NORTE;2026-04-05;15302.396;14614.316;95.5034
SE;SUDESTE;2026-04-05;204615.328;135343.342;66.1453
S ;SUL;2026-04-05;20459.242;6387.25;31.2194
NE;NORDESTE;2026-04-06;51691.226;47505.441;91.9023
N ;NORTE;2026-04-06;15302.396;14612.578;95.4921
SE;SUDESTE;2026-04-06;204615.328;135577.686;66.2598
S ;SUL;2026-04-06;20459.242;6325.656;30.9183
NE;NORDESTE;2026-04-07;51691.226;47718.357;92.3142
N ;NORTE;2026-04-07;15302.396;14620.666;95.5449
SE;SUDESTE;2026-04-07;204615.328;135839.698;66.3878
S ;SUL;2026-04-07;20459.242;6273.632;30.664
NE;NORDESTE;2026-04-08;51691.226;47903.86;92.6731
N ;NORTE;2026-04-08;15302.396;14621.833;95.5526
SE;SUDESTE;2026-04-08;204615.328;136122.701;66.5262
S ;SUL;2026-04-08;20459.242;6292.173;30.7547
NE;NORDESTE;2026-04-09;51691.226;48066.61;92.9879
N ;NORTE;2026-04-09;15302.396;14594.111;95.3714
SE;SUDESTE;2026-04-09;204615.328;136359.091;66.6417
S ;SUL;2026-04-09;20459.242;6300.078;30.7933
NE;NORDESTE;2026-04-10;51691.226;48270.663;93.3827
N ;NORTE;2026-04-10;15302.396;14567.636;95.1984
SE;SUDESTE;2026-04-10;204615.328;136622.926;66.7706
S ;SUL;2026-04-10;20459.242;6320.937;30.8953
NE;NORDESTE;2026-04-11;51691.226;48442.879;93.7159
N ;NORTE;2026-04-11;15302.396;14610.688;95.4797
SE;SUDESTE;2026-04-11;204615.328;137007.997;66.9588
S ;SUL;2026-04-11;20459.242;6365.429;31.1127
NE;NORDESTE;2026-04-12;51691.226;48629.871;94.0776
N ;NORTE;2026-04-12;15302.396;14656.875;95.7816
SE;SUDESTE;2026-04-12;204615.328;137365.514;67.1335
S ;SUL;2026-04-12;20459.242;6415.465;31.3573
NE;NORDESTE;2026-04-13;51691.226;48750.555;94.3111
N ;NORTE;2026-04-13;15302.396;14622.565;95.5574
SE;SUDESTE;2026-04-13;204615.328;137368.126;67.1348
S ;SUL;2026-04-13;20459.242;6405.791;31.31
NE;NORDESTE;2026-04-14;51691.226;48910.701;94.6209
N ;NORTE;2026-04-14;15302.396;14570.898;95.2197
SE;SUDESTE;2026-04-14;204615.328;137409.132;67.1549
S ;SUL;2026-04-14;20459.242;6382.35;31.1954
NE;NORDESTE;2026-04-15;51691.226;49083.288;94.9548
N ;NORTE;2026-04-15;15302.396;14605.934;95.4487
SE;SUDESTE;2026-04-15;204615.328;137455.409;67.1775
S ;SUL;2026-04-15;20459.242;6349.261;31.0337
NE;NORDESTE;2026-04-16;51691.226;49240.247;95.2584
N ;NORTE;2026-04-16;15302.396;14641.898;95.6837
SE;SUDESTE;2026-04-16;204615.328;137494.933;67.1968
S ;SUL;2026-04-16;20459.242;6293.155;30.7595
NE;NORDESTE;2026-04-17;51691.226;49351.843;95.4743
N ;NORTE;2026-04-17;15302.396;14700.314;96.0654
SE;SUDESTE;2026-04-17;204615.328;137401.677;67.1512
S ;SUL;2026-04-17;20459.242;6241.887;30.5089
NE;NORDESTE;2026-04-18;51691.226;49443.49;95.6516
N ;NORTE;2026-04-18;15302.396;14772.679;96.5383
SE;SUDESTE;2026-04-18;204615.328;137412.947;67.1567
S ;SUL;2026-04-18;20459.242;6252.857;30.5625
NE;NORDESTE;2026-04-19;51691.226;49535.452;95.8295
N ;NORTE;2026-04-19;15302.396;14740.503;96.3281
SE;SUDESTE;2026-04-19;204615.328;137257.217;67.0806
S ;SUL;2026-04-19;20459.242;6252.763;30.562
NE;NORDESTE;2026-04-20;51691.226;49575.343;95.9067
N ;NORTE;2026-04-20;15302.396;14784.573;96.6161
SE;SUDESTE;2026-04-20;204615.328;137139.475;67.0231
S ;SUL;2026-04-20;20459.242;6228.074;30.4414
NE;NORDESTE;2026-04-21;51691.226;49646.678;96.0447
N ;NORTE;2026-04-21;15302.396;14835.178;96.9468
SE;SUDESTE;2026-04-21;204615.328;137091.035;66.9994
S ;SUL;2026-04-21;20459.242;6189.124;30.251
NE;NORDESTE;2026-04-22;51691.226;49685.606;96.12
N ;NORTE;2026-04-22;15302.396;14888.482;97.2951
SE;SUDESTE;2026-04-22;204615.328;136982.764;66.9465
S ;SUL;2026-04-22;20459.242;6090.853;29.7707
NE;NORDESTE;2026-04-23;51691.226;49729.888;96.2057
N ;NORTE;2026-04-23;15302.396;14929.184;97.5611
SE;SUDESTE;2026-04-23;204615.328;136844.041;66.8787
S ;SUL;2026-04-23;20459.242;6004.056;29.3464
NE;NORDESTE;2026-04-24;51691.226;49797.339;96.3362
N ;NORTE;2026-04-24;15302.396;14895.512;97.341
SE;SUDESTE;2026-04-24;204615.328;136562.154;66.7409
S ;SUL;2026-04-24;20459.242;5955.445;29.1088
NE;NORDESTE;2026-04-25;51691.226;49821.24;96.3824
N ;NORTE;2026-04-25;15302.396;14877.558;97.2237
SE;SUDESTE;2026-04-25;204615.328;136407.302;66.6652
S ;SUL;2026-04-25;20459.242;5945.556;29.0605
NE;NORDESTE;2026-04-26;51691.226;49870.316;96.4773
N ;NORTE;2026-04-26;15302.396;14860.079;97.1095
SE;SUDESTE;2026-04-26;204615.328;136339.829;66.6323
S ;SUL;2026-04-26;20459.242;6017.937;29.4143
NE;NORDESTE;2026-04-27;51691.226;49897.521;96.53
N ;NORTE;2026-04-27;15302.396;14822.141;96.8616
SE;SUDESTE;2026-04-27;204615.328;136088.438;66.5094
S ;SUL;2026-04-27;20459.242;6055.527;29.598
NE;NORDESTE;2026-04-28;51691.226;49896.581;96.5281
N ;NORTE;2026-04-28;15302.396;14758.374;96.4449
SE;SUDESTE;2026-04-28;204615.328;135729.557;66.334
S ;SUL;2026-04-28;20459.242;6072.119;29.6791
NE;NORDESTE;2026-04-29;51691.226;49899.213;96.5332
N ;NORTE;2026-04-29;15302.396;14752.688;96.4077
SE;SUDESTE;2026-04-29;204615.328;135419.08;66.1823
S ;SUL;2026-04-29;20459.242;6212.821;30.3668
NE;NORDESTE;2026-04-30;51691.226;49842.005;96.4226
N ;NORTE;2026-04-30;15302.396;14785.947;96.625
SE;SUDESTE;2026-04-30;204615.328;135323.59;66.1356
S ;SUL;2026-04-30;20459.242;6456.828;31.5595
NE;NORDESTE;2026-05-01;51691.226;49736.45;96.2184
N ;NORTE;2026-05-01;15302.396;14797.615;96.7013
SE;SUDESTE;2026-05-01;204615.328;135334.753;66.1411
S ;SUL;2026-05-01;20459.242;6682.339;32.6617
NE;NORDESTE;2026-05-02;51691.226;49677.097;96.1035
N ;NORTE;2026-05-02;15302.396;14808.902;96.7751
SE;SUDESTE;2026-05-02;204615.328;135413.23;66.1794
S ;SUL;2026-05-02;20459.242;6985.824;34.1451
NE;NORDESTE;2026-05-03;51691.226;49578.647;95.9131
N ;NORTE;2026-05-03;15302.396;14827.996;96.8998
SE;SUDESTE;2026-05-03;204615.328;135448.346;66.1966
S ;SUL;2026-05-03;20459.242;7307.258;35.7162
NE;NORDESTE;2026-05-04;51691.226;49538.75;95.8359
N ;NORTE;2026-05-04;15302.396;14826.058;96.8872
SE;SUDESTE;2026-05-04;204615.328;135233.528;66.0916
S ;SUL;2026-05-04;20459.242;7580.439;37.0514
NE;NORDESTE;2026-05-05;51691.226;49481.224;95.7246
N ;NORTE;2026-05-05;15302.396;14828.695;96.9044
SE;SUDESTE;2026-05-05;204615.328;135070.495;66.0119
S ;SUL;2026-05-05;20459.242;7798.942;38.1194
NE;NORDESTE;2026-05-06;51691.226;49430.424;95.6263
N ;NORTE;2026-05-06;15302.396;14828.002;96.8999
SE;SUDESTE;2026-05-06;204615.328;134735.825;65.8484
S ;SUL;2026-05-06;20459.242;7975.367;38.9817
NE;NORDESTE;2026-05-07;51691.226;49384.026;95.5366
N ;NORTE;2026-05-07;15302.396;14836.296;96.9541
SE;SUDESTE;2026-05-07;204615.328;134477.114;65.7219
S ;SUL;2026-05-07;20459.242;8125.682;39.7164
NE;NORDESTE;2026-05-08;51691.226;49327.338;95.4269
N ;NORTE;2026-05-08;15302.396;14807.091;96.7632
SE;SUDESTE;2026-05-08;204615.328;134228.394;65.6004
S ;SUL;2026-05-08;20459.242;8299.996;40.5684
NE;NORDESTE;2026-05-09;51691.226;49283.371;95.3418
N ;NORTE;2026-05-09;15302.396;14786.241;96.627
SE;SUDESTE;2026-05-09;204615.328;134275.18;65.6232
S ;SUL;2026-05-09;20459.242;8499.892;41.5455
NE;NORDESTE;2026-05-10;51691.226;49250.719;95.2787
N ;NORTE;2026-05-10;15302.396;14816.399;96.824
SE;SUDESTE;2026-05-10;204615.328;134477.145;65.7219
S ;SUL;2026-05-10;20459.242;8758.671;42.8103
NE;NORDESTE;2026-05-11;51691.226;49202.043;95.1845
N ;NORTE;2026-05-11;15302.396;14840.624;96.9824
SE;SUDESTE;2026-05-11;204615.328;134453.355;65.7103
S ;SUL;2026-05-11;20459.242;8977.598;43.8804
NE;NORDESTE;2026-05-12;51691.226;49139.125;95.0628
N ;NORTE;2026-05-12;15302.396;14890.463;97.308
SE;SUDESTE;2026-05-12;204615.328;134468.892;65.7179
S ;SUL;2026-05-12;20459.242;9176.675;44.8534
NE;NORDESTE;2026-05-13;51691.226;49103.018;94.9929
N ;NORTE;2026-05-13;15302.396;14877.305;97.2221
SE;SUDESTE;2026-05-13;204615.328;134442.31;65.7049
S ;SUL;2026-05-13;20459.242;9357.836;45.7389
NE;NORDESTE;2026-05-14;51691.226;49066.013;94.9214
N ;NORTE;2026-05-14;15302.396;14788.423;96.6412
SE;SUDESTE;2026-05-14;204615.328;134320.177;65.6452
S ;SUL;2026-05-14;20459.242;9495.245;46.4105
NE;NORDESTE;2026-05-15;51691.226;48994.864;94.7837
N ;NORTE;2026-05-15;15302.396;14695.772;96.0358
SE;SUDESTE;2026-05-15;204615.328;134252.364;65.6121
S ;SUL;2026-05-15;20459.242;9634.313;47.0903
NE;NORDESTE;2026-05-16;51691.226;48995.268;94.7845
N ;NORTE;2026-05-16;15302.396;14653.226;95.7577
SE;SUDESTE;2026-05-16;204615.328;134337.737;65.6538
S ;SUL;2026-05-16;20459.242;9797.873;47.8897
NE;NORDESTE;2026-05-17;51691.226;48999.959;94.7936
N ;NORTE;2026-05-17;15302.396;14664.571;95.8319
SE;SUDESTE;2026-05-17;204615.328;134487.507;65.727
S ;SUL;2026-05-17;20459.242;10011.758;48.9351
NE;NORDESTE;2026-05-18;51691.226;48945.086;94.6874
N ;NORTE;2026-05-18;15302.396;14674.327;95.8956
SE;SUDESTE;2026-05-18;204615.328;134500.655;65.7334
S ;SUL;2026-05-18;20459.242;10162.283;49.6709
NE;NORDESTE;2026-05-19;51691.226;48882.129;94.5656
N ;NORTE;2026-05-19;15302.396;14708.716;96.1203
SE;SUDESTE;2026-05-19;204615.328;134583.012;65.7737
S ;SUL;2026-05-19;20459.242;10306.457;50.3756
NE;NORDESTE;2026-05-20;51691.226;48825.906;94.4569
N ;NORTE;2026-05-20;15302.396;14745.965;96.3638
SE;SUDESTE;2026-05-20;204615.328;134672.324;65.8173
S ;SUL;2026-05-20;20459.242;10418.991;50.9256
NE;NORDESTE;2026-05-21;51691.226;48767.811;94.3445
N ;NORTE;2026-05-21;15302.396;14780.693;96.5907
SE;SUDESTE;2026-05-21;204615.328;134754.417;65.8574
S ;SUL;2026-05-21;20459.242;10517.823;51.4087
NE;NORDESTE;2026-05-22;51691.226;48720.042;94.2521
N ;NORTE;2026-05-22;15302.396;14808.862;96.7748
SE;SUDESTE;2026-05-22;204615.328;134851.79;65.905
S ;SUL;2026-05-22;20459.242;10615.555;51.8864
NE;NORDESTE;2026-05-23;51691.226;48709.398;94.2315
N ;NORTE;2026-05-23;15302.396;14823.881;96.8729
SE;SUDESTE;2026-05-23;204615.328;134917.383;65.9371
S ;SUL;2026-05-23;20459.242;10758.89;52.5869
NE;NORDESTE;2026-05-24;51691.226;48721.304;94.2545
N ;NORTE;2026-05-24;15302.396;14841.363;96.9872
SE;SUDESTE;2026-05-24;204615.328;135130.891;66.0414
S ;SUL;2026-05-24;20459.242;10914.813;53.3491
NE;NORDESTE;2026-05-25;51691.226;48668.289;94.1519
N ;NORTE;2026-05-25;15302.396;14818.156;96.8355
SE;SUDESTE;2026-05-25;204615.328;135149.473;66.0505
S ;SUL;2026-05-25;20459.242;10996.271;53.7472
NE;NORDESTE;2026-05-26;51691.226;48614.463;94.0478
N ;NORTE;2026-05-26;15302.396;14815.089;96.8155
SE;SUDESTE;2026-05-26;204615.328;135150.837;66.0512
S ;SUL;2026-05-26;20459.242;11183.802;54.6638
NE;NORDESTE;2026-05-27;51691.226;48565.887;93.9538
N ;NORTE;2026-05-27;15302.396;14788.472;96.6415
SE;SUDESTE;2026-05-27;204615.328;135246.707;66.098
S ;SUL;2026-05-27;20459.242;11402.076;55.7307
NE;NORDESTE;2026-05-28;51691.226;48516.062;93.8574
N ;NORTE;2026-05-28;15302.396;14774.808;96.5523
SE;SUDESTE;2026-05-28;204615.328;135283.136;66.1158
S ;SUL;2026-05-28;20459.242;11570.932;56.556
NE;NORDESTE;2026-05-29;51691.226;48446.87;93.7236
N ;NORTE;2026-05-29;15302.396;14750.367;96.3925
SE;SUDESTE;2026-05-29;204615.328;135239.5;66.0945
S ;SUL;2026-05-29;20459.242;11696.218;57.1684
NE;NORDESTE;2026-05-30;51691.226;48396.483;93.6261
N ;NORTE;2026-05-30;15302.396;14714.181;96.1561
SE;SUDESTE;2026-05-30;204615.328;135246.108;66.0977
S ;SUL;2026-05-30;20459.242;11859.761;57.9677
NE;NORDESTE;2026-05-31;51691.226;48339.926;93.5167
N ;NORTE;2026-05-31;15302.396;14720.374;96.1965
SE;SUDESTE;2026-05-31;204615.328;135267.073;66.108
S ;SUL;2026-05-31;20459.242;12005.032;58.6778
NE;NORDESTE;2026-06-01;51691.226;48247.765;93.3384
N ;NORTE;2026-06-01;15302.396;14739.176;96.3194
SE;SUDESTE;2026-06-01;204615.328;135202.855;66.0766
S ;SUL;2026-06-01;20459.242;12062.883;58.9606
NE;NORDESTE;2026-06-02;51691.226;48131.275;93.113
N ;NORTE;2026-06-02;15302.396;14768.095;96.5084
SE;SUDESTE;2026-06-02;204615.328;135136.278;66.0441
S ;SUL;2026-06-02;20459.242;12079.072;59.0397
NE;NORDESTE;2026-06-03;51691.226;47985.923;92.8319
N ;NORTE;2026-06-03;15302.396;14809.019;96.7758
SE;SUDESTE;2026-06-03;204615.328;135001.999;65.9784
S ;SUL;2026-06-03;20459.242;12089.786;59.0921
NE;NORDESTE;2026-06-04;51691.226;47926.308;92.7165
N ;NORTE;2026-06-04;15302.396;14844.438;97.0073
SE;SUDESTE;2026-06-04;204615.328;134972.719;65.9641
S ;SUL;2026-06-04;20459.242;12094.213;59.1137
NE;NORDESTE;2026-06-05;51691.226;47893.773;92.6536
N ;NORTE;2026-06-05;15302.396;14885.314;97.2744
SE;SUDESTE;2026-06-05;204615.328;134834.448;65.8966
S ;SUL;2026-06-05;20459.242;12064.189;58.9669
NE;NORDESTE;2026-06-06;51691.226;47832.64;92.5353
N ;NORTE;2026-06-06;15302.396;14923.198;97.522
SE;SUDESTE;2026-06-06;204615.328;134797.966;65.8787
S ;SUL;2026-06-06;20459.242;12026.398;58.7822
NE;NORDESTE;2026-06-07;51691.226;47823.384;92.5174
N ;NORTE;2026-06-07;15302.396;14949.524;97.694
SE;SUDESTE;2026-06-07;204615.328;134719.542;65.8404
S ;SUL;2026-06-07;20459.242;12009.749;58.7009
NE;NORDESTE;2026-06-08;51691.226;47774.689;92.4232
N ;NORTE;2026-06-08;15302.396;14966.841;97.8072
SE;SUDESTE;2026-06-08;204615.328;134527.934;65.7468
S ;SUL;2026-06-08;20459.242;11955.728;58.4368
NE;NORDESTE;2026-06-09;51691.226;47718.165;92.3139
N ;NORTE;2026-06-09;15302.396;14953.566;97.7204
SE;SUDESTE;2026-06-09;204615.328;134366.711;65.668
S ;SUL;2026-06-09;20459.242;11894.741;58.1387
NE;NORDESTE;2026-06-10;51691.226;47632.532;92.1482
N ;NORTE;2026-06-10;15302.396;14940.336;97.634
SE;SUDESTE;2026-06-10;204615.328;134098.339;65.5368
S ;SUL;2026-06-10;20459.242;11825.22;57.7989
NE;NORDESTE;2026-06-11;51691.226;47565.786;92.0191
N ;NORTE;2026-06-11;15302.396;14922.669;97.5185
SE;SUDESTE;2026-06-11;204615.328;133928.981;65.454
S ;SUL;2026-06-11;20459.242;11742.25;57.3934
NE;NORDESTE;2026-06-12;51691.226;47481.174;91.8554
N ;NORTE;2026-06-12;15302.396;14896.874;97.3499
SE;SUDESTE;2026-06-12;204615.328;133891.112;65.4355
S ;SUL;2026-06-12;20459.242;11704.564;57.2092
NE;NORDESTE;2026-06-13;51691.226;47408.111;91.714
N ;NORTE;2026-06-13;15302.396;14839.192;96.973
SE;SUDESTE;2026-06-13;204615.328;134115.099;65.545
S ;SUL;2026-06-13;20459.242;11720.78;57.2884
NE;NORDESTE;2026-06-14;51691.226;47333.205;91.5691
N ;NORTE;2026-06-14;15302.396;14822.616;96.8647
SE;SUDESTE;2026-06-14;204615.328;134463.709;65.7154
S ;SUL;2026-06-14;20459.242;11711.655;57.2438
NE;NORDESTE;2026-06-15;51691.226;47241.165;91.3911
N ;NORTE;2026-06-15;15302.396;14791.697;96.6626
SE;SUDESTE;2026-06-15;204615.328;134556.324;65.7606
S ;SUL;2026-06-15;20459.242;11664.055;57.0112
NE;NORDESTE;2026-06-16;51691.226;47133.31;91.1824
N ;NORTE;2026-06-16;15302.396;14750.859;96.3957
SE;SUDESTE;2026-06-16;204615.328;134594.629;65.7793
S ;SUL;2026-06-16;20459.242;11612.947;56.7614
NE;NORDESTE;2026-06-17;51691.226;47037.954;90.9979
N ;NORTE;2026-06-17;15302.396;14676.062;95.907
SE;SUDESTE;2026-06-17;204615.328;134547.031;65.7561
S ;SUL;2026-06-17;20459.242;11533.151;56.3714
NE;NORDESTE;2026-06-18;51691.226;46945.79;90.8196
N ;NORTE;2026-06-18;15302.396;14662.697;95.8196
SE;SUDESTE;2026-06-18;204615.328;134571.831;65.7682
S ;SUL;2026-06-18;20459.242;11498.399;56.2015
NE;NORDESTE;2026-06-19;51691.226;46846.987;90.6285
N ;NORTE;2026-06-19;15302.396;14646.251;95.7121
SE;SUDESTE;2026-06-19;204615.328;134485.543;65.726
S ;SUL;2026-06-19;20459.242;11475.35;56.0888
NE;NORDESTE;2026-06-20;51691.226;46759.88;90.46
N ;NORTE;2026-06-20;15302.396;14608.01;95.4622
SE;SUDESTE;2026-06-20;204615.328;134332.047;65.651
S ;SUL;2026-06-20;20459.242;11414.72;55.7925
NE;NORDESTE;2026-06-21;51691.226;46708.236;90.3601
N ;NORTE;2026-06-21;15302.396;14585.051;95.3122
SE;SUDESTE;2026-06-21;204615.328;134315.407;65.6429
S ;SUL;2026-06-21;20459.242;11407.955;55.7594
NE;NORDESTE;2026-06-22;51691.226;46653.971;90.2551
N ;NORTE;2026-06-22;15302.396;14569.814;95.2126
SE;SUDESTE;2026-06-22;204615.328;134111.313;65.5431
S ;SUL;2026-06-22;20459.242;11448.821;55.9592
NE;NORDESTE;2026-06-23;51691.226;46603.85;90.1581
N ;NORTE;2026-06-23;15302.396;14548.448;95.073
SE;SUDESTE;2026-06-23;204615.328;134055.125;65.5157
S ;SUL;2026-06-23;20459.242;11544.237;56.4255
NE;NORDESTE;2026-06-24;51691.226;46509.876;89.9763
N ;NORTE;2026-06-24;15302.396;14516.882;94.8667
SE;SUDESTE;2026-06-24;204615.328;134129.48;65.552
S ;SUL;2026-06-24;20459.242;11591.474;56.6564
NE;NORDESTE;2026-06-25;51691.226;46461.74;89.8832
N ;NORTE;2026-06-25;15302.396;14501.371;94.7654
SE;SUDESTE;2026-06-25;204615.328;134099.104;65.5372
S ;SUL;2026-06-25;20459.242;11608.48;56.7395
NE;NORDESTE;2026-06-26;51691.226;46367.647;89.7012
N ;NORTE;2026-06-26;15302.396;14469.816;94.5592
SE;SUDESTE;2026-06-26;204615.328;134079.281;65.5275
S ;SUL;2026-06-26;20459.242;11585.81;56.6287
NE;NORDESTE;2026-06-27;51691.226;46306.052;89.582
N ;NORTE;2026-06-27;15302.396;14434.39;94.3276
SE;SUDESTE;2026-06-27;204615.328;134182.327;65.5778
S ;SUL;2026-06-27;20459.242;11607.436;56.7344
NE;NORDESTE;2026-06-28;51691.226;46211.203;89.3985
N ;NORTE;2026-06-28;15302.396;14416.698;94.212
SE;SUDESTE;2026-06-28;204615.328;134358.458;65.6639
S ;SUL;2026-06-28;20459.242;11845.198;57.8966
NE;NORDESTE;2026-06-29;51691.226;46173.356;89.3253
N ;NORTE;2026-06-29;15302.396;14398.768;94.0949
SE;SUDESTE;2026-06-29;204615.328;134223.147;65.5978
S ;SUL;2026-06-29;20459.242;12208.639;59.673
NE;NORDESTE;2026-06-30;51691.226;46118.412;89.219
N ;NORTE;2026-06-30;15302.396;14389.129;94.0319
SE;SUDESTE;2026-06-30;204615.328;134130.283;65.5524
S ;SUL;2026-06-30;20459.242;12631.907;61.7418
NE;NORDESTE;2026-07-01;51691.226;46061.28;89.1085
N ;NORTE;2026-07-01;15302.396;14373.119;93.9272
SE;SUDESTE;2026-07-01;204615.328;134041.361;65.509
S ;SUL;2026-07-01;20459.242;13327.736;65.1429
NE;NORDESTE;2026-07-02;51691.226;46006.823;89.0032
N ;NORTE;2026-07-02;15302.396;14351.731;93.7875
SE;SUDESTE;2026-07-02;204615.328;133909.917;65.4447
S ;SUL;2026-07-02;20459.242;14566.746;71.1989
NE;NORDESTE;2026-07-03;51691.226;45954.504;88.9019
N ;NORTE;2026-07-03;15302.396;14318.754;93.572
SE;SUDESTE;2026-07-03;204615.328;133809.199;65.3955
S ;SUL;2026-07-03;20459.242;15369.251;75.1213
NE;NORDESTE;2026-07-04;51691.226;45896.351;88.7894
N ;NORTE;2026-07-04;15302.396;14290.472;93.3872
SE;SUDESTE;2026-07-04;204615.328;133726.276;65.355
S ;SUL;2026-07-04;20459.242;15834.403;77.3949
NE;NORDESTE;2026-07-05;51691.226;45842.782;88.6858
N ;NORTE;2026-07-05;15302.396;14280.734;93.3235
SE;SUDESTE;2026-07-05;204615.328;133693.931;65.3392
S ;SUL;2026-07-05;20459.242;16167.897;79.0249
NE;NORDESTE;2026-07-06;51691.226;45779.9;88.5642
N ;NORTE;2026-07-06;15302.396;14264.716;93.2188
SE;SUDESTE;2026-07-06;204615.328;133462.265;65.2259
S ;SUL;2026-07-06;20459.242;16333.26;79.8332
NE;NORDESTE;2026-07-07;51691.226;45716.012;88.4406
N ;NORTE;2026-07-07;15302.396;14235.147;93.0256
SE;SUDESTE;2026-07-07;204615.328;133156.319;65.0764
S ;SUL;2026-07-07;20459.242;16413.792;80.2268
NE;NORDESTE;2026-07-08;51691.226;45638.477;88.2906
N ;NORTE;2026-07-08;15302.396;14214.291;92.8893
SE;SUDESTE;2026-07-08;204615.328;133021.272;65.0104
S ;SUL;2026-07-08;20459.242;16515.017;80.7215
NE;NORDESTE;2026-07-09;51691.226;45571.402;88.1608
N ;NORTE;2026-07-09;15302.396;14197.104;92.777
SE;SUDESTE;2026-07-09;204615.328;132779.753;64.8924
S ;SUL;2026-07-09;20459.242;16600.06;81.1372
NE;NORDESTE;2026-07-10;51691.226;45506.644;88.0355
N ;NORTE;2026-07-10;15302.396;14177.494;92.6489
SE;SUDESTE;2026-07-10;204615.328;132527.566;64.7691
S ;SUL;2026-07-10;20459.242;16674.904;81.503
NE;NORDESTE;2026-07-11;51691.226;45439.115;87.9049
N ;NORTE;2026-07-11;15302.396;14158.199;92.5228
SE;SUDESTE;2026-07-11;204615.328;132389.741;64.7018
S ;SUL;2026-07-11;20459.242;16963.238;82.9123
NE;NORDESTE;2026-07-12;51691.226;45365.581;87.7626
N ;NORTE;2026-07-12;15302.396;14148.166;92.4572
SE;SUDESTE;2026-07-12;204615.328;132280.366;64.6483
S ;SUL;2026-07-12;20459.242;17223.479;84.1843
NE;NORDESTE;2026-07-13;51691.226;45284.773;87.6063
N ;NORTE;2026-07-13;15302.396;14088.862;92.0696
SE;SUDESTE;2026-07-13;204615.328;131932.493;64.4783
S ;SUL;2026-07-13;20459.242;17285.328;84.4866
NE;NORDESTE;2026-07-14;51691.226;45173.474;87.391
N ;NORTE;2026-07-14;15302.396;14021.854;91.6318
SE;SUDESTE;2026-07-14;204615.328;131591.79;64.3118
S ;SUL;2026-07-14;20459.242;17243.68;84.2831
NE;NORDESTE;2026-07-15;51691.226;45134.461;87.3155
N ;NORTE;2026-07-15;15302.396;14012.755;91.5723
SE;SUDESTE;2026-07-15;204615.328;131474.406;64.2544
S ;SUL;2026-07-15;20459.242;17208.419;84.1107
NE;NORDESTE;2026-07-16;51691.226;45029.099;87.1117
N ;NORTE;2026-07-16;15302.396;14006.919;91.5342
SE;SUDESTE;2026-07-16;204615.328;131289.245;64.1639
S ;SUL;2026-07-16;20459.242;17198.447;84.062
NE;NORDESTE;2026-07-17;51691.226;44925.972;86.9122
N ;NORTE;2026-07-17;15302.396;13998.94;91.482
SE;SUDESTE;2026-07-17;204615.328;131087.403;64.0653
S ;SUL;2026-07-17;20459.242;17182.033;83.9818
NE;NORDESTE;2026-07-18;51691.226;44820.684;86.7085
N ;NORTE;2026-07-18;15302.396;13995.101;91.4569
SE;SUDESTE;2026-07-18;204615.328;130950.705;63.9985
S ;SUL;2026-07-18;20459.242;17064.738;83.4085
NE;NORDESTE;2026-07-19;51691.226;44734.092;86.541
N ;NORTE;2026-07-19;15302.396;13985.224;91.3924
SE;SUDESTE;2026-07-19;204615.328;130803.819;63.9267
S ;SUL;2026-07-19;20459.242;16980.774;82.9981
NE;NORDESTE;2026-07-20;51691.226;44595.241;86.2724
N ;NORTE;2026-07-20;15302.396;13980.999;91.3648
SE;SUDESTE;2026-07-20;204615.328;130451.837;63.7547
S ;SUL;2026-07-20;20459.242;16890.502;82.5568
NE;NORDESTE;2026-07-21;51691.226;44482.586;86.0544
N ;NORTE;2026-07-21;15302.396;13974.098;91.3197
SE;SUDESTE;2026-07-21;204615.328;130196.638;63.63
S ;SUL;2026-07-21;20459.242;17069.361;83.4311
NE;NORDESTE;2026-07-22;51691.226;44355.753;85.8091
N ;NORTE;2026-07-22;15302.396;13931.855;91.0436
SE;SUDESTE;2026-07-22;204615.328;129973.375;63.5208
S ;SUL;2026-07-22;20459.242;17493.546;85.5044
NE;NORDESTE;2026-07-23;51691.226;44221.483;85.5493
N ;NORTE;2026-07-23;15302.396;13907.381;90.8837
SE;SUDESTE;2026-07-23;204615.328;129724.662;63.3993
S ;SUL;2026-07-23;20459.242;17416.727;85.1289
NE;NORDESTE;2026-07-24;51691.226;44089.656;85.2943
N ;NORTE;2026-07-24;15302.396;13857.036;90.5547
SE;SUDESTE;2026-07-24;204615.328;129550.225;63.314
S ;SUL;2026-07-24;20459.242;17237.543;84.2531
NE;NORDESTE;2026-07-25;51691.226;43954.279;85.0324
N ;NORTE;2026-07-25;15302.396;13831.771;90.3896
SE;SUDESTE;2026-07-25;204615.328;129561.556;63.3196
S ;SUL;2026-07-25;20459.242;17153.296;83.8413
NE;NORDESTE;2026-07-26;51691.226;43859.961;84.8499
N ;NORTE;2026-07-26;15302.396;13819.515;90.3095
SE;SUDESTE;2026-07-26;204615.328;129616.118;63.3462
S ;SUL;2026-07-26;20459.242;17123.462;83.6955
NE;NORDESTE;2026-07-27;51691.226;43764.7;84.6656
N ;NORTE;2026-07-27;15302.396;13805.145;90.2156
SE;SUDESTE;2026-07-27;204615.328;129462.678;63.2713
S ;SUL;2026-07-27;20459.242;17109.391;83.6267
NE;NORDESTE;2026-07-28;51691.226;43672.921;84.4881
N ;NORTE;2026-07-28;15302.396;13785.946;90.0901
SE;SUDESTE;2026-07-28;204615.328;129234.441;63.1597
S ;SUL;2026-07-28;20459.242;17214.548;84.1407
NE;NORDESTE;2026-07-29;51691.226;43607.503;84.3615
N ;NORTE;2026-07-29;15302.396;13756.859;89.9
SE;SUDESTE;2026-07-29;204615.328;129090.396;63.0893
S ;SUL;2026-07-29;20459.242;17459.697;85.3389
NE;NORDESTE;2026-07-30;51691.226;43491.117;84.1364
N ;NORTE;2026-07-30;15302.396;13726.942;89.7045
SE;SUDESTE;2026-07-30;204615.328;128993.522;63.042
S ;SUL;2026-07-30;20459.242;17302.381;84.57
NE;NORDESTE;2026-07-31;51691.226;43382.231;83.9257
N ;NORTE;2026-07-31;15302.396;13715.591;89.6303
SE;SUDESTE;2026-07-31;204615.328;128834.722;62.9644
S ;SUL;2026-07-31;20459.242;17197.436;84.0571
NE;NORDESTE;2026-08-01;51691.226;43267.728;83.7042
N ;NORTE;2026-08-01;15302.396;13699.821;89.5273
SE;SUDESTE;2026-08-01;204615.328;128704.956;62.9009
S ;SUL;2026-08-01;20459.242;17174.817;83.9465
NE;NORDESTE;2026-08-02;51691.226;43166.194;83.5078
N ;NORTE;2026-08-02;15302.396;13683.787;89.4225
SE;SUDESTE;2026-08-02;204615.328;128554.873;62.8276
S ;SUL;2026-08-02;20459.242;17259.121;84.3586
NE;NORDESTE;2026-08-03;51691.226;43048.414;83.2799
N ;NORTE;2026-08-03;15302.396;13667.255;89.3145
SE;SUDESTE;2026-08-03;204615.328;128294.386;62.7003
S ;SUL;2026-08-03;20459.242;17338.978;84.7489
NE;NORDESTE;2026-08-04;51691.226;42936.915;83.0642
N ;NORTE;2026-08-04;15302.396;13641.886;89.1487
SE;SUDESTE;2026-08-04;204615.328;128035.523;62.5738
S ;SUL;2026-08-04;20459.242;17434.95;85.218
NE;NORDESTE;2026-08-05;51691.226;42807.238;82.8134
N ;NORTE;2026-08-05;15302.396;13610.521;88.9437
SE;SUDESTE;2026-08-05;204615.328;127712.618;62.416
S ;SUL;2026-08-05;20459.242;17451.569;85.2992
NE;NORDESTE;2026-08-06;51691.226;42689.949;82.5865
N ;NORTE;2026-08-06;15302.396;13572.483;88.6951
SE;SUDESTE;2026-08-06;204615.328;127367.691;62.2474
S ;SUL;2026-08-06;20459.242;17357.237;84.8381
NE;NORDESTE;2026-08-07;51691.226;42572.913;82.36
N ;NORTE;2026-08-07;15302.396;13544.172;88.5101
SE;SUDESTE;2026-08-07;204615.328;127095.106;62.1142
S ;SUL;2026-08-07;20459.242;17276.91;84.4455
NE;NORDESTE;2026-08-08;51691.226;42443.395;82.1095
N ;NORTE;2026-08-08;15302.396;13520.447;88.3551
SE;SUDESTE;2026-08-08;204615.328;126850.896;61.9948
S ;SUL;2026-08-08;20459.242;17287.524;84.4974
NE;NORDESTE;2026-08-09;51691.226;42317.813;81.8665
N ;NORTE;2026-08-09;15302.396;13502.107;88.2352
SE;SUDESTE;2026-08-09;204615.328;126702.608;61.9223
S ;SUL;2026-08-09;20459.242;17316.22;84.6376
NE;NORDESTE;2026-08-10;51691.226;42198.402;81.6355
N ;NORTE;2026-08-10;15302.396;13475.777;88.0632
SE;SUDESTE;2026-08-10;204615.328;126380.681;61.765
S ;SUL;2026-08-10;20459.242;17238.547;84.258
NE;NORDESTE;2026-08-11;51691.226;42060.541;81.3688
N ;NORTE;2026-08-11;15302.396;13431.986;87.777
SE;SUDESTE;2026-08-11;204615.328;126132.811;61.6439
S ;SUL;2026-08-11;20459.242;17083.623;83.5008
NE;NORDESTE;2026-08-12;51691.226;41908.919;81.0755
N ;NORTE;2026-08-12;15302.396;13380.697;87.4418
SE;SUDESTE;2026-08-12;204615.328;125847.918;61.5046
S ;SUL;2026-08-12;20459.242;17225.238;84.1929
NE;NORDESTE;2026-08-13;51691.226;41753.82;80.7754
N ;NORTE;2026-08-13;15302.396;13319.852;87.0442
SE;SUDESTE;2026-08-13;204615.328;125476.665;61.3232
S ;SUL;2026-08-13;20459.242;17340.378;84.7557
NE;NORDESTE;2026-08-14;51691.226;41609.731;80.4967
N ;NORTE;2026-08-14;15302.396;13277.663;86.7685
SE;SUDESTE;2026-08-14;204615.328;125050.074;61.1147
S ;SUL;2026-08-14;20459.242;17263.379;84.3794
NE;NORDESTE;2026-08-15;51691.226;41498.09;80.2807
N ;NORTE;2026-08-15;15302.396;13263.022;86.6728
SE;SUDESTE;2026-08-15;204615.328;124910.607;61.0466
S ;SUL;2026-08-15;20459.242;17283.779;84.4791
NE;NORDESTE;2026-08-16;51691.226;41379.254;80.0508
N ;NORTE;2026-08-16;15302.396;13246.414;86.5643
SE;SUDESTE;2026-08-16;204615.328;124778.538;60.982
S ;SUL;2026-08-16;20459.242;17220.983;84.1721
NE;NORDESTE;2026-08-17;51691.226;41191.699;79.688
N ;NORTE;2026-08-17;15302.396;13215.341;86.3613
SE;SUDESTE;2026-08-17;204615.328;124440.222;60.8167
S ;SUL;2026-08-17;20459.242;17260.347;84.3645
NE;NORDESTE;2026-08-18;51691.226;41005.814;79.3284
N ;NORTE;2026-08-18;15302.396;13178.195;86.1185
SE;SUDESTE;2026-08-18;204615.328;124086.145;60.6436
S ;SUL;2026-08-18;20459.242;17312.712;84.6205
NE;NORDESTE;2026-08-19;51691.226;40825.908;78.9803
N ;NORTE;2026-08-19;15302.396;13130.77;85.8086
SE;SUDESTE;2026-08-19;204615.328;123788.189;60.498
S ;SUL;2026-08-19;20459.242;17281.226;84.4666
NE;NORDESTE;2026-08-20;51691.226;40656.718;78.653
N ;NORTE;2026-08-20;15302.396;13089.053;85.536
SE;SUDESTE;2026-08-20;204615.328;123467.791;60.3414
S ;SUL;2026-08-20;20459.242;17228.01;84.2065
NE;NORDESTE;2026-08-21;51691.226;40499.174;78.3483
N ;NORTE;2026-08-21;15302.396;13037.561;85.1995
SE;SUDESTE;2026-08-21;204615.328;123017.693;60.1214
S ;SUL;2026-08-21;20459.242;17220.242;84.1685
NE;NORDESTE;2026-08-22;51691.226;40331.41;78.0237
N ;NORTE;2026-08-22;15302.396;12990.942;84.8948
SE;SUDESTE;2026-08-22;204615.328;122676.409;59.9547
S ;SUL;2026-08-22;20459.242;17283.774;84.4791
NE;NORDESTE;2026-08-23;51691.226;40219.483;77.8072
N ;NORTE;2026-08-23;15302.396;12953.362;84.6492
SE;SUDESTE;2026-08-23;204615.328;122400.037;59.8196
S ;SUL;2026-08-23;20459.242;17401.206;85.053
NE;NORDESTE;2026-08-24;51691.226;40129.167;77.6325
N ;NORTE;2026-08-24;15302.396;12919.153;84.4257
SE;SUDESTE;2026-08-24;204615.328;122021.825;59.6347
S ;SUL;2026-08-24;20459.242;17404.536;85.0693
NE;NORDESTE;2026-08-25;51691.226;40031.087;77.4427
N ;NORTE;2026-08-25;15302.396;12872.181;84.1187
SE;SUDESTE;2026-08-25;204615.328;121537.808;59.3982
S ;SUL;2026-08-25;20459.242;17344.171;84.7743
NE;NORDESTE;2026-08-26;51691.226;39891.37;77.1724
N ;NORTE;2026-08-26;15302.396;12808.835;83.7048
SE;SUDESTE;2026-08-26;204615.328;120993.674;59.1323
S ;SUL;2026-08-26;20459.242;17033.823;83.2574
NE;NORDESTE;2026-08-27;51691.226;39753.748;76.9062
N ;NORTE;2026-08-27;15302.396;12739.446;83.2513
SE;SUDESTE;2026-08-27;204615.328;120451.424;58.8673
S ;SUL;2026-08-27;20459.242;16781.074;82.022
NE;NORDESTE;2026-08-28;51691.226;39610.186;76.6285
N ;NORTE;2026-08-28;15302.396;12659.465;82.7286
SE;SUDESTE;2026-08-28;204615.328;119935.658;58.6152
S ;SUL;2026-08-28;20459.242;16591.647;81.0961
NE;NORDESTE;2026-08-29;51691.226;39484.582;76.3855
N ;NORTE;2026-08-29;15302.396;12599.92;82.3395
SE;SUDESTE;2026-08-29;204615.328;119530.404;58.4171
S ;SUL;2026-08-29;20459.242;16437.349;80.3419
NE;NORDESTE;2026-08-30;51691.226;39371.746;76.1672
N ;NORTE;2026-08-30;15302.396;12554.426;82.0422
SE;SUDESTE;2026-08-30;204615.328;119219.508;58.2652
S ;SUL;2026-08-30;20459.242;16465.065;80.4774
NE;NORDESTE;2026-08-31;51691.226;39255.493;75.9423
N ;NORTE;2026-08-31;15302.396;12489.861;81.6203
SE;SUDESTE;2026-08-31;204615.328;118673.308;57.9982
S ;SUL;2026-08-31;20459.242;17023.82;83.2085
NE;NORDESTE;2026-09-01;51691.226;39115.179;75.6708
N ;NORTE;2026-09-01;15302.396;12414.718;81.1292
SE;SUDESTE;2026-09-01;204615.328;118198.093;57.766
S ;SUL;2026-09-01;20459.242;17315.332;84.6333
NE;NORDESTE;2026-09-02;51691.226;38960.969;75.3725
N ;NORTE;2026-09-02;15302.396;12350.678;80.7107
SE;SUDESTE;2026-09-02;204615.328;117787.02;57.5651
S ;SUL;2026-09-02;20459.242;17157.692;83.8628
NE;NORDESTE;2026-09-03;51691.226;38807.636;75.0759
N ;NORTE;2026-09-03;15302.396;12307.205;80.4267
SE;SUDESTE;2026-09-03;204615.328;117537.975;57.4434
S ;SUL;2026-09-03;20459.242;16881.982;82.5152
NE;NORDESTE;2026-09-04;51691.226;38654.407;74.7794
N ;NORTE;2026-09-04;15302.396;12253.192;80.0737
SE;SUDESTE;2026-09-04;204615.328;117035.659;57.1979
S ;SUL;2026-09-04;20459.242;16700.917;81.6302
NE;NORDESTE;2026-09-05;51691.226;38499.802;74.4803
N ;NORTE;2026-09-05;15302.396;12211.082;79.7985
SE;SUDESTE;2026-09-05;204615.328;116844.315;57.1044
S ;SUL;2026-09-05;20459.242;16730.92;81.7768
NE;NORDESTE;2026-09-06;51691.226;38362.951;74.2156
N ;NORTE;2026-09-06;15302.396;12163.653;79.4886
SE;SUDESTE;2026-09-06;204615.328;116727.135;57.0471
S ;SUL;2026-09-06;20459.242;16767.319;81.9547
NE;NORDESTE;2026-09-07;51691.226;38250.412;73.9979
N ;NORTE;2026-09-07;15302.396;12132.701;79.2863
SE;SUDESTE;2026-09-07;204615.328;116783.079;57.0745
S ;SUL;2026-09-07;20459.242;16781.952;82.0263
NE;NORDESTE;2026-09-08;51691.226;38133.873;73.7724
N ;NORTE;2026-09-08;15302.396;12086.263;78.9828
SE;SUDESTE;2026-09-08;204615.328;116504.272;56.9382
S ;SUL;2026-09-08;20459.242;16710.305;81.6761
NE;NORDESTE;2026-09-09;51691.226;38008.826;73.5305
N ;NORTE;2026-09-09;15302.396;12038.258;78.6691
SE;SUDESTE;2026-09-09;204615.328;116163.278;56.7715
S ;SUL;2026-09-09;20459.242;16660.322;81.4318
NE;NORDESTE;2026-09-10;51691.226;37889.257;73.2992
N ;NORTE;2026-09-10;15302.396;11999.695;78.4171
SE;SUDESTE;2026-09-10;204615.328;116171.643;56.7756
S ;SUL;2026-09-10;20459.242;16653.596;81.3989
NE;NORDESTE;2026-09-11;51691.226;37760.496;73.0501
N ;NORTE;2026-09-11;15302.396;11956.524;78.135
SE;SUDESTE;2026-09-11;204615.328;116416.896;56.8955
S ;SUL;2026-09-11;20459.242;16873.164;82.4721
NE;NORDESTE;2026-09-12;51691.226;37640.489;72.8179
N ;NORTE;2026-09-12;15302.396;11917.041;77.877
SE;SUDESTE;2026-09-12;204615.328;116855.79;57.11
S ;SUL;2026-09-12;20459.242;16988.009;83.0334
NE;NORDESTE;2026-09-13;51691.226;37520.265;72.5854
N ;NORTE;2026-09-13;15302.396;11888.771;77.6922
SE;SUDESTE;2026-09-13;204615.328;117293.583;57.3239
S ;SUL;2026-09-13;20459.242;16902.249;82.6142
NE;NORDESTE;2026-09-14;51691.226;37408.802;72.3697
N ;NORTE;2026-09-14;15302.396;11841.391;77.3826
SE;SUDESTE;2026-09-14;204615.328;117500.235;57.4249
S ;SUL;2026-09-14;20459.242;16821.623;82.2202
NE;NORDESTE;2026-09-15;51691.226;37304.903;72.1687
N ;NORTE;2026-09-15;15302.396;11783.83;77.0064
SE;SUDESTE;2026-09-15;204615.328;117605.043;57.4762
S ;SUL;2026-09-15;20459.242;16670.26;81.4803
NE;NORDESTE;2026-09-16;51691.226;37184.072;71.935
N ;NORTE;2026-09-16;15302.396;11731.791;76.6664
SE;SUDESTE;2026-09-16;204615.328;117686.169;57.5158
S ;SUL;2026-09-16;20459.242;16586.383;81.0704
NE;NORDESTE;2026-09-17;51691.226;37068.231;71.7109
N ;NORTE;2026-09-17;15302.396;11695.438;76.4288
SE;SUDESTE;2026-09-17;204615.328;117663.362;57.5047
S ;SUL;2026-09-17;20459.242;16511.554;80.7046
NE;NORDESTE;2026-09-18;51691.226;36944.915;71.4723
N ;NORTE;2026-09-18;15302.396;11665.058;76.2303
SE;SUDESTE;2026-09-18;204615.328;117593.548;57.4705
S ;SUL;2026-09-18;20459.242;16515.781;80.7253
NE;NORDESTE;2026-09-19;51691.226;36823.365;71.2372
N ;NORTE;2026-09-19;15302.396;11643.926;76.0922
SE;SUDESTE;2026-09-19;204615.328;117649.976;57.4981
S ;SUL;2026-09-19;20459.242;16600.38;81.1388
NE;NORDESTE;2026-09-20;51691.226;36694.321;70.9875
N ;NORTE;2026-09-20;15302.396;11616.389;75.9122
SE;SUDESTE;2026-09-20;204615.328;117686.959;57.5162
S ;SUL;2026-09-20;20459.242;16746.944;81.8552
NE;NORDESTE;2026-09-21;51691.226;36561.592;70.7308
N ;NORTE;2026-09-21;15302.396;11552.899;75.4973
SE;SUDESTE;2026-09-21;204615.328;117417.117;57.3843
S ;SUL;2026-09-21;20459.242;16913.46;82.669
NE;NORDESTE;2026-09-22;51691.226;36422.311;70.4613
N ;NORTE;2026-09-22;15302.396;11496.309;75.1275
SE;SUDESTE;2026-09-22;204615.328;117357.78;57.3553
S ;SUL;2026-09-22;20459.242;17079.852;83.4823
NE;NORDESTE;2026-09-23;51691.226;36287.377;70.2003
N ;NORTE;2026-09-23;15302.396;11439.263;74.7547
SE;SUDESTE;2026-09-23;204615.328;117310.546;57.3322
S ;SUL;2026-09-23;20459.242;17000.004;83.0921
NE;NORDESTE;2026-09-24;51691.226;36137.768;69.9108
N ;NORTE;2026-09-24;15302.396;11386.005;74.4067
SE;SUDESTE;2026-09-24;204615.328;117350.747;57.3519
S ;SUL;2026-09-24;20459.242;16872.968;82.4711
