id_subsistema;nom_subsistema;ena_data;ena_bruta_regiao_mwmed;ena_bruta_regiao_percentualmlt;ena_armazenavel_regiao_mwmed;ena_armazenavel_regiao_percentualmlt
NE;NORDESTE;2026-01-01;6255.7880000000005;46.6367;6228.618;46.4341
N ;NORTE;2026-01-01;8339.856;52.8311;8297.863;52.5651
SE;SUDESTE;2026-01-01;33445.588;50.818;28711.875000000004;43.6255
S ;SUL;2026-01-01;14167.115999999996;187.1544;10131.070000000002;133.8363
NE;NORDESTE;2026-01-02;6531.347999999999;48.691;6497.743;48.4405
N ;NORTE;2026-01-02;8231.388;52.144;8188.765;51.874
SE;SUDESTE;2026-01-02;33921.805000000015;51.5416;31723.409;48.2013
S ;SUL;2026-01-02;14429.929999999997;190.6263;10730.41;141.7539
NE;NORDESTE;2026-01-03;6684.877;49.8355;6661.282;49.6596
N ;NORTE;2026-01-03;8105.807000000001;51.3484;8089.53;51.2453
SE;SUDESTE;2026-01-03;34533.226000000024;52.4706;31764.948;48.2644
S ;SUL;2026-01-03;12624.086;166.7702;10910.165;144.1285
NE;NORDESTE;2026-01-04;6745.545000000001;50.2878;6728.385;50.1599
N ;NORTE;2026-01-04;7943.576;50.3208;7911.977000000001;50.1206
SE;SUDESTE;2026-01-04;35447.04899999999;53.859;32151.70299999999;48.852
S ;SUL;2026-01-04;10499.683999999994;138.7059;9555.409999999996;126.2316
NE;NORDESTE;2026-01-05;6607.06;49.2554;6586.325000000001;49.1008
N ;NORTE;2026-01-05;7826.926000000001;49.5818;7793.252;49.3685
SE;SUDESTE;2026-01-05;37022.937000000005;56.2535;34874.523;52.9891
S ;SUL;2026-01-05;8820.967999999999;116.5292;8171.074;107.9438
NE;NORDESTE;2026-01-06;6331.05;47.1978;6307.455;47.0219
N ;NORTE;2026-01-06;7890.361;49.9836;7839.510000000001;49.6615
SE;SUDESTE;2026-01-06;39440.323;59.9265;37634.897;57.1833
S ;SUL;2026-01-06;7515.796;99.2873;7003.382;92.518
NE;NORDESTE;2026-01-07;5852.048000000002;43.6268;5825.593000000002;43.4296
N ;NORTE;2026-01-07;7998.766999999999;50.6704;7998.626999999999;50.6695
SE;SUDESTE;2026-01-07;40777.09800000001;61.9576;38974.28399999999;59.2184
S ;SUL;2026-01-07;6396.8110000000015;84.5049;5951.457000000001;78.6216
NE;NORDESTE;2026-01-08;5413.526;40.3577;5389.215999999999;40.1764
N ;NORTE;2026-01-08;8346.103;52.8707;8345.259;52.8653
SE;SUDESTE;2026-01-08;41521.96900000001;63.0894;39286.75500000002;59.6932
S ;SUL;2026-01-08;5768.426;76.2037;5351.976;70.7022
NE;NORDESTE;2026-01-09;5225.491;38.9559;5203.326;38.7906
N ;NORTE;2026-01-09;8712.467;55.1915;8711.201000000001;55.1835
SE;SUDESTE;2026-01-09;40914.92400000001;62.1671;39452.45200000001;59.9449
S ;SUL;2026-01-09;5572.29;73.6126;5167.511;68.2653
NE;NORDESTE;2026-01-10;5133.234;38.2681;5027.414;37.4792
N ;NORTE;2026-01-10;9069.508;57.4533;9068.243;57.4453
SE;SUDESTE;2026-01-10;39677.46200000002;60.2868;37334.69600000002;56.7272
S ;SUL;2026-01-10;7215.346;95.3182;6813.135999999999;90.0048
NE;NORDESTE;2026-01-11;4918.481999999999;36.6671;4854.846999999999;36.1927
N ;NORTE;2026-01-11;9245.343999999996;58.5672;9244.641;58.5627
SE;SUDESTE;2026-01-11;38573.65999999999;58.6097;35638.76400000001;54.1503
S ;SUL;2026-01-11;7699.211999999999;101.7103;7301.035;96.4502
NE;NORDESTE;2026-01-12;4741.254999999999;35.3459;4726.955000000001;35.2393
N ;NORTE;2026-01-12;9457.131;59.9088;9457.131;59.9088
SE;SUDESTE;2026-01-12;37598.44200000002;57.1279;37007.68300000001;56.2303
S ;SUL;2026-01-12;7571.427;100.0222;7130.46;94.1968
NE;NORDESTE;2026-01-13;4491.979;33.4876;4474.819;33.3596
N ;NORTE;2026-01-13;9579.39;60.6833;9579.39;60.6833
SE;SUDESTE;2026-01-13;36802.73599999999;55.9189;36312.98099999999;55.1748
S ;SUL;2026-01-13;6856.130999999999;90.5728;6536.508;86.3504
NE;NORDESTE;2026-01-14;4266.804;31.8089;4266.804;31.8089
N ;NORTE;2026-01-14;9735.293;61.6709;9735.012;61.6691
SE;SUDESTE;2026-01-14;36447.08499999999;55.3785;35513.254;53.9596
S ;SUL;2026-01-14;6464.304999999999;85.3966;6252.222000000001;82.5949
NE;NORDESTE;2026-01-15;4152.0070000000005;30.9531;4129.842000000001;30.7878
N ;NORTE;2026-01-15;9855.125;62.43;9842.676;62.3511
SE;SUDESTE;2026-01-15;36721.18800000001;55.795;35640.23200000001;54.1526
S ;SUL;2026-01-15;6114.684000000001;80.7779;5907.168;78.0365
NE;NORDESTE;2026-01-16;4153.351000000001;30.9631;4126.896;30.7659
N ;NORTE;2026-01-16;10103.155000000004;64.0012;9970.953;63.1637
SE;SUDESTE;2026-01-16;37653.542;57.2116;35703.608000000015;54.2489
S ;SUL;2026-01-16;5862.575999999999;77.4474;5611.947999999999;74.1365
NE;NORDESTE;2026-01-17;4362.069;32.5191;4337.759;32.3378
N ;NORTE;2026-01-17;10314.928999999998;65.3427;10314.929;65.3427
SE;SUDESTE;2026-01-17;38029.492;57.7829;35963.853;54.6443
S ;SUL;2026-01-17;5957.090999999999;78.696;5702.422;75.3317
NE;NORDESTE;2026-01-18;4752.042999999999;35.4263;4724.873;35.2238
N ;NORTE;2026-01-18;10386.414;65.7956;10385.007999999998;65.7867
SE;SUDESTE;2026-01-18;38043.89000000001;57.8047;35111.03700000002;53.3485
S ;SUL;2026-01-18;6037.348999999999;79.7563;5780.288999999999;76.3604
NE;NORDESTE;2026-01-19;5325.889;39.7043;5300.149;39.5124
N ;NORTE;2026-01-19;10216.828;64.7213;10214.579;64.707
SE;SUDESTE;2026-01-19;38631.70599999998;58.6979;37255.74799999999;56.6072
S ;SUL;2026-01-19;6145.755;81.1884;5915.706;78.1493
NE;NORDESTE;2026-01-20;6011.073;44.563;5988.192999999999;44.3934
N ;NORTE;2026-01-20;10430.301;65.6716;10427.348;65.653
SE;SUDESTE;2026-01-20;39579.69499999999;59.8593;38330.65699999999;57.9702
S ;SUL;2026-01-20;5843.737000000001;77.5193;5655.499;75.0223
NE;NORDESTE;2026-01-21;6747.362000000001;50.0215;6733.777;49.9208
N ;NORTE;2026-01-21;10564.658;66.5175;10562.97;66.5069
SE;SUDESTE;2026-01-21;41035.93200000001;62.0616;39388.59799999999;59.5702
S ;SUL;2026-01-21;5552.803000000001;73.66;5370.807999999999;71.2458
NE;NORDESTE;2026-01-22;7250.791;53.7537;7228.625999999998;53.5894
N ;NORTE;2026-01-22;10686.313999999998;67.2835;10680.830999999998;67.249
SE;SUDESTE;2026-01-22;43659.10900000001;66.0288;41709.55200000001;63.0804
S ;SUL;2026-01-22;4959.809;65.7937;4760.624;63.1514
NE;NORDESTE;2026-01-23;7571.159;56.1287;7546.134;55.9432
N ;NORTE;2026-01-23;10786.355;67.9134;10752.487;67.7001
SE;SUDESTE;2026-01-23;47340.29800000002;71.5962;44894.997;67.898
S ;SUL;2026-01-23;4524.213999999999;60.0154;4298.831;57.0256
NE;NORDESTE;2026-01-24;7626.268;56.5373;7601.242999999999;56.3518
N ;NORTE;2026-01-24;10834.321;68.2154;10786.738;67.9158
SE;SUDESTE;2026-01-24;50692.32600000001;76.6657;45855.66900000004;69.3509
S ;SUL;2026-01-24;4085.3630000000007;54.1939;3856.5810000000006;51.159
NE;NORDESTE;2026-01-25;7511.678000000001;55.6878;7404.428;54.8927
N ;NORTE;2026-01-25;10803.026;68.0183;10677.474;67.2278
SE;SUDESTE;2026-01-25;53570.903;81.0192;48778.82600000001;73.7718
S ;SUL;2026-01-25;3837.484;50.9057;3578.924;47.4758
NE;NORDESTE;2026-01-26;7258.423;53.8103;7191.927999999999;53.3173
N ;NORTE;2026-01-26;10673.21;67.201;10616.874;66.8463
SE;SUDESTE;2026-01-26;55972.22500000001;84.6509;52010.28599999999;78.6589
S ;SUL;2026-01-26;3577.326;47.4546;3395.422;45.0415
NE;NORDESTE;2026-01-27;7067.856;52.3975;7049.266;52.2597
N ;NORTE;2026-01-27;10582.691;66.6311;10459.762;65.8571
SE;SUDESTE;2026-01-27;56297.14799999999;85.1423;52679.01400000001;79.6703
S ;SUL;2026-01-27;3376.056;44.7846;3217.852;42.686
NE;NORDESTE;2026-01-28;7067.006999999999;52.3912;7049.132;52.2587
N ;NORTE;2026-01-28;10523.2;66.2565;10518.701;66.2282
SE;SUDESTE;2026-01-28;56083.666;84.8194;52480.69300000001;79.3704
S ;SUL;2026-01-28;3325.306000000001;44.1114;3157.6020000000003;41.8868
NE;NORDESTE;2026-01-29;7040.928;52.1979;7020.907999999999;52.0495
N ;NORTE;2026-01-29;10635.684;66.9647;10596.589;66.7186
SE;SUDESTE;2026-01-29;56009.14099999999;84.7067;52590.83;79.5369
S ;SUL;2026-01-29;3435.15;45.5685;3271.265999999999;43.3946
NE;NORDESTE;2026-01-30;6940.124000000001;51.4506;6920.104;51.3021
N ;NORTE;2026-01-30;10789.965;67.9361;10757.255;67.7301
SE;SUDESTE;2026-01-30;56434.253;85.3496;54777.75599999999;82.8444
S ;SUL;2026-01-30;3540.2560000000003;46.9628;3369.967;44.7039
NE;NORDESTE;2026-01-31;6800.923;50.4186;6775.182999999999;50.2278
N ;NORTE;2026-01-31;11017.547;69.369;10965.744000000002;69.0428
SE;SUDESTE;2026-01-31;57099.40699999998;86.3556;54482.98999999998;82.3986
S ;SUL;2026-01-31;3456.036;45.8456;3307.454;43.8746
NE;NORDESTE;2026-02-01;6686.353999999999;46.9723;6662.758999999999;46.8065
N ;NORTE;2026-02-01;11230.752;49.2403;11068.923;48.5308
SE;SUDESTE;2026-02-01;58920.59200000001;82.823;55638.58400000001;78.2096
S ;SUL;2026-02-01;3422.522;41.4344;3094.9909999999995;37.4692
NE;NORDESTE;2026-02-02;6824.942000000001;47.9459;6804.922;47.8052
N ;NORTE;2026-02-02;11355.027;49.7852;11316.034;49.6142
SE;SUDESTE;2026-02-02;60027.639;84.3791;58023.366;81.5618
S ;SUL;2026-02-02;3361.1780000000003;40.6917;3203.889000000001;38.7875
NE;NORDESTE;2026-02-03;7324.114;51.4526;7314.103999999999;51.3823
N ;NORTE;2026-02-03;11354.309;49.782;11231.761;49.2447
SE;SUDESTE;2026-02-03;60767.979;85.4198;58343.99600000001;82.0125
S ;SUL;2026-02-03;3327.6199999999994;40.2855;3179.1159999999995;38.4876
NE;NORDESTE;2026-02-04;8134.975;57.149;8134.975;57.149
N ;NORTE;2026-02-04;11566.308;50.7115;11470.794000000002;50.2927
SE;SUDESTE;2026-02-04;61655.72099999998;86.6677;58263.661;81.8996
S ;SUL;2026-02-04;3435.8030000000003;41.5952;3295.213;39.8931
NE;NORDESTE;2026-02-05;8990.011999999999;63.1557;8974.997;63.0502
N ;NORTE;2026-02-05;12021.648;52.7079;11912.773;52.2305
SE;SUDESTE;2026-02-05;62108.23599999999;87.3038;59473.97900000001;83.6009
S ;SUL;2026-02-05;3371.141;40.8123;3231.315;39.1195
NE;NORDESTE;2026-02-06;9721.075;68.2915;9713.925;68.2412
N ;NORTE;2026-02-06;12185.268;53.4253;12016.396;52.6849
SE;SUDESTE;2026-02-06;62607.84399999999;88.0061;59318.062000000005;83.3817
S ;SUL;2026-02-06;3230.22;39.1063;3077.605;37.2587
NE;NORDESTE;2026-02-07;10328.963000000002;72.5619;10320.383000000002;72.5017
N ;NORTE;2026-02-07;12284.545999999998;53.8605;12158.986;53.31
SE;SUDESTE;2026-02-07;63303.30099999999;88.9836;59693.06900000001;83.9088
S ;SUL;2026-02-07;3097.863;37.5039;2890.192;34.9898
NE;NORDESTE;2026-02-08;11082.168;77.8533;11060.718;77.7026
N ;NORTE;2026-02-08;12517.401999999998;54.8815;12371.806;54.2431
SE;SUDESTE;2026-02-08;64094.813999999984;90.0962;60071.91100000001;84.4414
S ;SUL;2026-02-08;3135.271999999999;37.9568;2951.731;35.7348
NE;NORDESTE;2026-02-09;11822.068;83.0511;11799.903;82.8954
N ;NORTE;2026-02-09;12624.567999999996;55.3513;12442.562;54.5534
SE;SUDESTE;2026-02-09;65578.21800000002;92.1814;62144.146000000015;87.3542
S ;SUL;2026-02-09;3212.444;38.8911;3032.9839999999995;36.7185
NE;NORDESTE;2026-02-10;12391.565;87.0519;12376.55;86.9464
N ;NORTE;2026-02-10;12399.648;54.3652;12291.244;53.8899
SE;SUDESTE;2026-02-10;67318.29699999999;94.6274;62719.056;88.1624
S ;SUL;2026-02-10;3267.244;39.5545;3094.5059999999994;37.4633
NE;NORDESTE;2026-02-11;12949.254;90.9697;12942.104;90.9195
N ;NORTE;2026-02-11;12441.482;54.5486;12275.164;53.8194
SE;SUDESTE;2026-02-11;69023.264;97.024;65453.27000000002;92.0058
S ;SUL;2026-02-11;3264.3920000000007;39.52;3028.9920000000006;36.6701
NE;NORDESTE;2026-02-12;13409.605999999998;94.2037;13400.310999999998;94.1384
N ;NORTE;2026-02-12;12742.358;55.8678;12584.744;55.1767
SE;SUDESTE;2026-02-12;69933.29000000004;98.3032;65159.987000000045;91.5935
S ;SUL;2026-02-12;3309.427;40.0652;3062.839;37.0799
NE;NORDESTE;2026-02-13;13867.933;97.4235;13845.053;97.2628
N ;NORTE;2026-02-13;13232.211;58.0155;13021.207;57.0904
SE;SUDESTE;2026-02-13;69983.94600000003;98.3744;64781.06;91.0609
S ;SUL;2026-02-13;3671.333;44.4466;3425.6580000000004;41.4723
NE;NORDESTE;2026-02-14;14192.221999999998;99.7017;14170.772;99.551
N ;NORTE;2026-02-14;14008.294;61.4182;13784.736;60.438
SE;SUDESTE;2026-02-14;69118.64999999998;97.1581;63923.90599999999;89.856
S ;SUL;2026-02-14;4227.3640000000005;51.1781;3952.670000000001;47.8525
NE;NORDESTE;2026-02-15;14375.445;100.9888;14353.28;100.8331
N ;NORTE;2026-02-15;14746.823;64.6562;14477.656;63.4761
SE;SUDESTE;2026-02-15;67678.54999999999;95.1338;62577.797;87.9638
S ;SUL;2026-02-15;5177.975;62.6866;4730.512000000001;57.2694
NE;NORDESTE;2026-02-16;14568.559;102.3455;14549.254;102.2099
N ;NORTE;2026-02-16;15361.181;67.3498;15128.057;66.3277
SE;SUDESTE;2026-02-16;65640.58300000003;92.2691;61627.36400000003;86.6278
S ;SUL;2026-02-16;6131.935;74.2356;5773.829999999999;69.9002
NE;NORDESTE;2026-02-17;14628.972000000002;102.7699;14604.662;102.5991
N ;NORTE;2026-02-17;15864.999;69.5587;15635.235;68.5514
SE;SUDESTE;2026-02-17;63610.98699999998;89.4161;59603.795;83.7834
S ;SUL;2026-02-17;6745.713;81.6662;6416.329000000001;77.6786
NE;NORDESTE;2026-02-18;14549.23;102.2097;14447.7;101.4964
N ;NORTE;2026-02-18;16160.013;70.8522;15910.361;69.7576
SE;SUDESTE;2026-02-18;61607.07400000001;86.5993;59024.22600000001;82.9687
S ;SUL;2026-02-18;7009.415999999998;84.8587;6538.38;79.1562
NE;NORDESTE;2026-02-19;14614.546000000002;102.6685;14614.546000000002;102.6685
N ;NORTE;2026-02-19;15999.115000000002;70.1468;15770.798;69.1457
SE;SUDESTE;2026-02-19;60159.14300000001;84.564;56873.46500000001;79.9454
S ;SUL;2026-02-19;6780.080999999999;82.0823;6371.354999999999;77.1341
NE;NORDESTE;2026-02-20;14971.202;105.1741;14951.897;105.0385
N ;NORTE;2026-02-20;15786.457000000002;69.2144;15586.395000000002;68.3372
SE;SUDESTE;2026-02-20;59190.46000000001;83.2023;55516.19000000002;78.0375
S ;SUL;2026-02-20;6239.886;75.5425;5967.097999999999;72.24
NE;NORDESTE;2026-02-21;15587.835;109.506;15564.24;109.3402
N ;NORTE;2026-02-21;15409.842999999995;67.5631;15224.079000000002;66.7487
SE;SUDESTE;2026-02-21;59235.75899999999;83.266;55644.366;78.2177
S ;SUL;2026-02-21;5562.842;67.3459;5274.912;63.8601
NE;NORDESTE;2026-02-22;16050.889;112.759;16024.434;112.5731
N ;NORTE;2026-02-22;15330.294;67.2144;15094.448;66.1803
SE;SUDESTE;2026-02-22;59600.77599999998;83.7791;54474.983999999975;76.5739
S ;SUL;2026-02-22;5063.524;61.301;4738.453999999999;57.3656
NE;NORDESTE;2026-02-23;16648.102000000003;116.9545;16626.652000000002;116.8038
N ;NORTE;2026-02-23;15269.28;66.9469;15110.686;66.2515
SE;SUDESTE;2026-02-23;59575.374;83.7434;55689.282;78.2808
S ;SUL;2026-02-23;4700.334;56.9041;4452.772000000001;53.907
NE;NORDESTE;2026-02-24;17204.772999999997;120.8651;17204.773;120.8651
N ;NORTE;2026-02-24;15463.615;67.7989;15267.15;66.9375
SE;SUDESTE;2026-02-24;60049.37300000003;84.4097;55507.67700000003;78.0256
S ;SUL;2026-02-24;4405.051;53.3292;4165.685;50.4314
NE;NORDESTE;2026-02-25;17152.086000000003;120.495;17152.086;120.495
N ;NORTE;2026-02-25;15727.347999999998;68.9552;15555.905;68.2035
SE;SUDESTE;2026-02-25;61201.64000000002;86.0294;56997.16199999998;80.1193
S ;SUL;2026-02-25;4151.125;50.2551;3901.073999999999;47.2279
NE;NORDESTE;2026-02-26;17402.883;122.2569;17402.883;122.2569
N ;NORTE;2026-02-26;16482.301;72.2652;16345.834;71.6669
SE;SUDESTE;2026-02-26;62308.701000000015;87.5856;58257.693000000014;81.8912
S ;SUL;2026-02-26;3923.404;47.4982;3627.228;43.9126
NE;NORDESTE;2026-02-27;17912.889;125.8397;17836.384000000002;125.3023
N ;NORTE;2026-02-27;17159.808;75.2357;17072.42;74.8526
SE;SUDESTE;2026-02-27;63465.767999999975;89.212;58400.43099999998;82.0918
S ;SUL;2026-02-27;3541.207;42.8712;3270.124;39.5894
NE;NORDESTE;2026-02-28;18591.538;130.6073;18444.248;129.5726
N ;NORTE;2026-02-28;17900.61;78.4837;17661.366;77.4348
SE;SUDESTE;2026-02-28;65377.61300000003;91.8994;59301.67400000002;83.3587
S ;SUL;2026-02-28;3193.09;38.6568;2907.5710000000004;35.2002
NE;NORDESTE;2026-03-01;19129.800000000003;135.8691;18893.135;134.1882
N ;NORTE;2026-03-01;18529.647;68.6865;18084.086;67.0349
SE;SUDESTE;2026-03-01;66279.327;95.6236;58861.348000000005;84.9214
S ;SUL;2026-03-01;3011.561;42.5522;2638.8120000000004;37.2854
NE;NORDESTE;2026-03-02;19888.023;141.2544;19659.938;139.6344
N ;NORTE;2026-03-02;19345.886;71.7122;18894.086;70.0375
SE;SUDESTE;2026-03-02;64967.69;93.7313;59048.81199999999;85.1919
S ;SUL;2026-03-02;2960.732;41.834;2670.929;37.7392
NE;NORDESTE;2026-03-03;20786.023;147.6324;20266.218;143.9405
N ;NORTE;2026-03-03;20385.579999999994;75.5662;19930.350999999995;73.8787
SE;SUDESTE;2026-03-03;63456.889;91.5516;57342.08300000002;82.7295
S ;SUL;2026-03-03;2886.9299999999994;40.7912;2616.4389999999994;36.9693
NE;NORDESTE;2026-03-04;21664.41;153.8712;20927.96;148.6405
N ;NORTE;2026-03-04;21687.097999999994;80.3907;20926.506;77.5713
SE;SUDESTE;2026-03-04;61475.42100000002;88.6928;54894.95;79.199
S ;SUL;2026-03-04;2744.876;38.784;2477.462;35.0056
NE;NORDESTE;2026-03-05;21681.207;153.9905;21186.427000000003;150.4763
N ;NORTE;2026-03-05;23128.781;85.7348;22257.623000000003;82.5056
SE;SUDESTE;2026-03-05;59770.381;86.2329;53356.67300000001;76.9796
S ;SUL;2026-03-05;2607.764999999999;36.8467;2340.676;33.0728
NE;NORDESTE;2026-03-06;19715.442;140.0286;19436.693;138.0488
N ;NORTE;2026-03-06;24454.68;90.6497;23242.363;86.1558
SE;SUDESTE;2026-03-06;58929.41099999999;85.0196;53399.197;77.041
S ;SUL;2026-03-06;2518.3789999999995;35.5837;2253.09;31.8353
NE;NORDESTE;2026-03-07;17942.24;127.4345;17697.597;125.6969
N ;NORTE;2026-03-07;25606.184;94.9182;24308.349;90.1073
SE;SUDESTE;2026-03-07;58301.82499999999;84.1142;52745.626;76.0981
S ;SUL;2026-03-07;2455.887;34.7007;2175.8970000000004;30.7446
NE;NORDESTE;2026-03-08;16338.036;116.0407;15830.745;112.4376
N ;NORTE;2026-03-08;26317.3;97.5542;24765.052;91.8002
SE;SUDESTE;2026-03-08;57609.69600000001;83.1156;50918.632000000005;73.4622
S ;SUL;2026-03-08;2529.747;35.7443;2127.743;30.0642
NE;NORDESTE;2026-03-09;15023.459000000004;106.7039;14622.363;103.8551
N ;NORTE;2026-03-09;26920.787;99.7912;25701.087;95.27
SE;SUDESTE;2026-03-09;57307.444000000025;82.6796;53666.795000000006;77.4271
S ;SUL;2026-03-09;2631.17;37.1774;2385.755;33.7098
NE;NORDESTE;2026-03-10;14002.829;99.4549;13711.442000000005;97.3853
N ;NORTE;2026-03-10;27352.815;101.3927;25051.04;92.8603
SE;SUDESTE;2026-03-10;57400.82899999998;82.8143;52094.62399999999;75.1588
S ;SUL;2026-03-10;2766.0399999999995;39.0831;2488.064;35.1554
NE;NORDESTE;2026-03-11;13580.792999999998;96.4574;13267.723000000002;94.2338
N ;NORTE;2026-03-11;27712.252;102.725;23301.844;86.3763
SE;SUDESTE;2026-03-11;57242.23199999999;82.5855;51971.47199999997;74.9812
S ;SUL;2026-03-11;2786.9840000000004;39.379;2524.238;35.6665
NE;NORDESTE;2026-03-12;13514.079;95.9835;13244.291;94.0674
N ;NORTE;2026-03-12;27973.61;103.6938;22103.521;81.9343
SE;SUDESTE;2026-03-12;57865.95600000003;83.4853;52188.769000000015;75.2947
S ;SUL;2026-03-12;2880.281;40.6973;2522.1580000000004;35.6371
NE;NORDESTE;2026-03-13;13480.95;95.7482;13272.104;94.2649
N ;NORTE;2026-03-13;28307.146;104.9302;22853.7;84.7151
SE;SUDESTE;2026-03-13;58950.812;85.0505;52719.999;76.0611
S ;SUL;2026-03-13;2866.5430000000006;40.5031;2549.002;36.0164
NE;NORDESTE;2026-03-14;13522.318;96.0421;13285.513;94.3602
N ;NORTE;2026-03-14;28297.91799999999;104.896;21637.28;80.206
SE;SUDESTE;2026-03-14;60970.06500000002;87.9638;54609.45100000001;78.7871
S ;SUL;2026-03-14;2851.642;40.2926;2471.257;34.9179
NE;NORDESTE;2026-03-15;13509.279;95.9495;13255.701;94.1484
N ;NORTE;2026-03-15;27978.598;103.7123;20914.574;77.5271
SE;SUDESTE;2026-03-15;62372.19000000001;89.9866;55509.312000000034;80.0853
S ;SUL;2026-03-15;2816.742;39.7995;2384.9999999999995;33.6991
NE;NORDESTE;2026-03-16;13648.249999999998;96.9365;13417.376;95.2967
N ;NORTE;2026-03-16;27514.363;101.9915;20044.129;74.3005
SE;SUDESTE;2026-03-16;63317.47800000001;91.3505;57710.011;83.2604
S ;SUL;2026-03-16;2808.238;39.6793;2589.3280000000004;36.5862
NE;NORDESTE;2026-03-17;13684.525;97.1941;13493.882;95.8401
N ;NORTE;2026-03-17;27193.750000000007;100.803;19822.813;73.4801
SE;SUDESTE;2026-03-17;64068.00300000002;92.4333;58039.528;83.7358
S ;SUL;2026-03-17;2775.507;39.2168;2513.911;35.5206
NE;NORDESTE;2026-03-18;13571.904;96.3942;13393.409;95.1265
N ;NORTE;2026-03-18;26956.371;99.9231;19839.516;73.542
SE;SUDESTE;2026-03-18;65185.96599999999;94.0462;59450.77299999998;85.7718
S ;SUL;2026-03-18;2713.2230000000004;38.3368;2464.181;34.8179
NE;NORDESTE;2026-03-19;13322.426;94.6223;13170.209;93.5412
N ;NORTE;2026-03-19;26928.388;99.8194;19816.496000000003;73.4567
SE;SUDESTE;2026-03-19;65991.58199999998;95.2085;59788.867;86.2596
S ;SUL;2026-03-19;2575.081;36.3849;2286.924;32.3134
NE;NORDESTE;2026-03-20;13356.502000000002;94.8644;13206.216;93.797
N ;NORTE;2026-03-20;26939.006000000005;99.8587;18848.554;69.8687
SE;SUDESTE;2026-03-20;66348.71800000001;95.7237;60116.84499999999;86.7328
S ;SUL;2026-03-20;2525.456000000001;35.6837;2241.494;31.6714
NE;NORDESTE;2026-03-21;13478.271;95.7292;13306.762;94.5111
N ;NORTE;2026-03-21;27145.653;100.6247;18747.029;69.4923
SE;SUDESTE;2026-03-21;66778.83;96.3443;59635.21199999999;86.0379
S ;SUL;2026-03-21;2786.44;39.3713;2388.928;33.7546
NE;NORDESTE;2026-03-22;13347.482;94.8003;13188.067;93.6681
N ;NORTE;2026-03-22;27445.079;101.7347;18898.476;70.0537
SE;SUDESTE;2026-03-22;67643.58699999997;97.5919;59719.646999999975;86.1597
S ;SUL;2026-03-22;4046.277;57.1723;3538.3790000000004;49.9959
NE;NORDESTE;2026-03-23;13186.348;93.6558;13050.388;92.6902
N ;NORTE;2026-03-23;27541.670999999995;102.0927;19181.336;71.1022
SE;SUDESTE;2026-03-23;67739.06100000005;97.7296;61725.37000000004;89.0535
S ;SUL;2026-03-23;5242.393999999998;74.073;4755.214999999997;67.1893
NE;NORDESTE;2026-03-24;12832.941;91.1458;12754.499;90.5886
N ;NORTE;2026-03-24;27675.396;102.5884;19038.362;70.5723
SE;SUDESTE;2026-03-24;67238.448;97.0074;60368.09;87.0953
S ;SUL;2026-03-24;5794.838000000001;81.8788;5307.199999999999;74.9887
NE;NORDESTE;2026-03-25;12367.986;87.8434;12294.182;87.3192
N ;NORTE;2026-03-25;27970.283;103.6815;19830.027;73.5068
SE;SUDESTE;2026-03-25;66116.079;95.3881;60769.54999999998;87.6745
S ;SUL;2026-03-25;5345.594;75.5312;4924.666;69.5836
NE;NORDESTE;2026-03-26;12167.351;86.4184;12104.189;85.9698
N ;NORTE;2026-03-26;27915.193;103.4773;19519.823;72.357
SE;SUDESTE;2026-03-26;65293.427;94.2012;59441.386000000006;85.7583
S ;SUL;2026-03-26;4826.592000000001;68.1979;4398.991000000001;62.156
NE;NORDESTE;2026-03-27;12096.420999999998;85.9147;12007.432;85.2826
N ;NORTE;2026-03-27;27692.692;102.6525;18652.191;69.1408
SE;SUDESTE;2026-03-27;63632.316;91.8047;56352.39699999999;81.3017
S ;SUL;2026-03-27;4167.782999999999;58.8892;3810.567;53.8418
NE;NORDESTE;2026-03-28;11957.535;84.9282;11829.414;84.0182
N ;NORTE;2026-03-28;27293.465;101.1727;17364.502;64.3675
SE;SUDESTE;2026-03-28;60998.63200000001;88.005;54542.09;78.6899
S ;SUL;2026-03-28;3608.755;50.9903;3164.61;44.7147
NE;NORDESTE;2026-03-29;11926.336;84.7066;11855.221;84.2015
N ;NORTE;2026-03-29;26866.24;99.589;17154.88;63.5905
SE;SUDESTE;2026-03-29;58633.12700000001;84.5922;51382.36600000001;74.1312
S ;SUL;2026-03-29;3155.3070000000007;44.5833;2696.2010000000005;38.0963
NE;NORDESTE;2026-03-30;12033.056;85.4646;11957.996;84.9315
N ;NORTE;2026-03-30;26242.137;97.2755;16860.556;62.4995
SE;SUDESTE;2026-03-30;56585.222;81.6376;51066.990000000005;73.6762
S ;SUL;2026-03-30;2826.529;39.9378;2581.58;36.4767
NE;NORDESTE;2026-03-31;12243.482999999998;86.9592;12182.722999999998;86.5276
N ;NORTE;2026-03-31;26137.197;96.8865;16752.763;62.0999
SE;SUDESTE;2026-03-31;54926.81700000002;79.2449;49888.27800000001;71.9757
S ;SUL;2026-03-31;2660.809;37.5962;2350.754;33.2152
NE;NORDESTE;2026-04-01;12330.72;108.4409;12315.005;108.3027
N ;NORTE;2026-04-01;25767.907000000003;94.8278;16348.863;60.165
SE;SUDESTE;2026-04-01;54021.50500000001;98.4863;49853.78300000002;90.8882
S ;SUL;2026-04-01;2707.045;41.3869;2388.027;36.5096
NE;NORDESTE;2026-04-02;12426.786000000002;109.2857;12217.898999999998;107.4487
N ;NORTE;2026-04-02;25571.941;94.1067;16587.557;61.0435
SE;SUDESTE;2026-04-02;53645.454;97.8008;47626.74000000002;86.8281
S ;SUL;2026-04-02;2570.507;39.2994;2284.78;34.9311
NE;NORDESTE;2026-04-03;12498.679;109.918;12411.852;109.1544
N ;NORTE;2026-04-03;25422.838;93.558;16348.712;60.1645
SE;SUDESTE;2026-04-03;53340.66799999998;97.2451;45657.71200000001;83.2384
S ;SUL;2026-04-03;2564.3779999999992;39.2057;2022.1009999999997;30.9151
NE;NORDESTE;2026-04-04;12599.767000000002;110.807;12536.865;110.2538
N ;NORTE;2026-04-04;25374.639000000003;93.3806;15658.674;57.6251
SE;SUDESTE;2026-04-04;53026.66899999999;96.6727;44667.309000000016;81.4328
S ;SUL;2026-04-04;2496.996;38.1756;2072.689;31.6885
NE;NORDESTE;2026-04-05;12740.955;112.0487;12670.902;111.4326
N ;NORTE;2026-04-05;25100.960000000006;92.3734;15253.080999999998;56.1325
SE;SUDESTE;2026-04-05;52531.03800000002;95.7691;43974.487;80.1697
S ;SUL;2026-04-05;2596.036;39.6897;2123.9010000000003;32.4715
NE;NORDESTE;2026-04-06;12904.008;113.4826;12833.955999999998;112.8665
N ;NORTE;2026-04-06;24907.909;91.663;15382.418;56.6085
SE;SUDESTE;2026-04-06;51878.72899999999;94.5799;45889.273000000016;83.6605
S ;SUL;2026-04-06;2916.458;44.5885;2485.132;37.9942
NE;NORDESTE;2026-04-07;12936.398999999998;113.7675;12861.341;113.1074
N ;NORTE;2026-04-07;24633.045;90.6515;14888.136;54.7895
SE;SUDESTE;2026-04-07;51340.76999999998;93.5991;45899.442;83.679
S ;SUL;2026-04-07;3658.278;55.9299;3259.5810000000006;49.8344
NE;NORDESTE;2026-04-08;12470.874999999998;109.6735;12422.729999999998;109.2501
N ;NORTE;2026-04-08;24253.88;89.2561;14683.319;54.0357
SE;SUDESTE;2026-04-08;50576.80700000001;92.2063;46007.012;83.8752
S ;SUL;2026-04-08;3892.624;59.5127;3517.679;53.7804
NE;NORDESTE;2026-04-09;12175.635;107.077;12109.622;106.4965
N ;NORTE;2026-04-09;23813.586;87.6358;14593.391;53.7048
SE;SUDESTE;2026-04-09;49957.997;91.0782;45578.806;83.0945
S ;SUL;2026-04-09;3629.561;55.4909;3216.057;49.169
NE;NORDESTE;2026-04-10;12167.418;107.0048;12093.414;106.3539
N ;NORTE;2026-04-10;23217.988;85.4439;14224.904;52.3487
SE;SUDESTE;2026-04-10;49770.93200000001;90.7371;45738.41700000001;83.3855
S ;SUL;2026-04-10;3472.592000000001;53.091;3047.9390000000003;46.5987
NE;NORDESTE;2026-04-11;12124.147;106.6242;12050.519;105.9767
N ;NORTE;2026-04-11;22495.363;82.7846;14428.81;53.0991
SE;SUDESTE;2026-04-11;49383.45299999998;90.0307;43544.517999999975;79.3858
S ;SUL;2026-04-11;3344.5579999999995;51.1336;2921.55;44.6664
NE;NORDESTE;2026-04-12;11999.107;105.5246;11950.201;105.0945
N ;NORTE;2026-04-12;21794.395;80.205;13609.934;50.0856
SE;SUDESTE;2026-04-12;48859.07199999999;89.0747;43421.924000000006;79.1623
S ;SUL;2026-04-12;3450.55;52.7541;2902.808000000001;44.3798
NE;NORDESTE;2026-04-13;11799.21;103.7666;11777.044999999998;103.5717
N ;NORTE;2026-04-13;21207.476;78.0451;12865.789;47.3471
SE;SUDESTE;2026-04-13;48074.92299999999;87.6452;44192.97099999999;80.568
S ;SUL;2026-04-13;3699.179;56.5552;3365.980000000001;51.4611
NE;NORDESTE;2026-04-14;11472.599000000002;100.8943;11453.294000000002;100.7245
N ;NORTE;2026-04-14;20623.573;75.8963;12920.188;47.5473
SE;SUDESTE;2026-04-14;47256.16999999999;86.1525;42902.21499999999;78.2148
S ;SUL;2026-04-14;3662.385;55.9927;3188.277;48.7443
NE;NORDESTE;2026-04-15;11160.602999999996;98.1505;10999.301999999998;96.7319
N ;NORTE;2026-04-15;20085.896;73.9176;13476.956;49.5962
SE;SUDESTE;2026-04-15;46222.66599999998;84.2683;42049.545;76.6603
S ;SUL;2026-04-15;3430.8569999999995;52.453;3037.9640000000004;46.4462
NE;NORDESTE;2026-04-16;10836.264000000005;95.2981;10824.109000000002;95.1912
N ;NORTE;2026-04-16;19823.2;72.9509;13272.202;48.8427
SE;SUDESTE;2026-04-16;45452.23299999999;82.8637;40357.666;73.5759
S ;SUL;2026-04-16;3121.342000000001;47.7209;2774.036;42.4111
NE;NORDESTE;2026-04-17;10448.139;91.8848;10435.984;91.7779
N ;NORTE;2026-04-17;19571.961;72.0263;13238.086;48.7172
SE;SUDESTE;2026-04-17;44871.669;81.8053;39877.645;72.7007
S ;SUL;2026-04-17;2799.4150000000004;42.7991;2517.7290000000003;38.4925
NE;NORDESTE;2026-04-18;10007.950999999995;88.0136;9987.216;87.8313
N ;NORTE;2026-04-18;19416.865;71.4555;12819.978;47.1785
SE;SUDESTE;2026-04-18;44196.49200000001;80.5744;38305.85600000001;69.8352
S ;SUL;2026-04-18;2531.582;38.7043;2088.751;31.9341
NE;NORDESTE;2026-04-19;9449.063;83.0985;9435.478;82.9791
N ;NORTE;2026-04-19;19714.869;72.5522;13159.026999999998;48.4262
SE;SUDESTE;2026-04-19;43482.38700000001;79.2725;37565.171;68.4849
S ;SUL;2026-04-19;2401.2270000000003;36.7114;1938.487;29.6367
NE;NORDESTE;2026-04-20;8852.892;77.8556;8830.012;77.6544
N ;NORTE;2026-04-20;20058.532;73.8169;13298.363;48.939
SE;SUDESTE;2026-04-20;42747.08099999997;77.932;36601.463;66.7279
S ;SUL;2026-04-20;2333.0750000000007;35.6694;2016.1010000000008;30.8233
NE;NORDESTE;2026-04-21;8254.075;72.5894;8231.91;72.3945
N ;NORTE;2026-04-21;20773.008;76.4462;13649.61;50.2316
SE;SUDESTE;2026-04-21;41869.06700000002;76.3313;35445.038;64.6197
S ;SUL;2026-04-21;2377.756;36.3525;2113.558;32.3133
NE;NORDESTE;2026-04-22;7703.453999999999;67.747;7682.003999999999;67.5584
N ;NORTE;2026-04-22;21478.848;79.0438;13754.084;50.6161
SE;SUDESTE;2026-04-22;41297.325;75.289;34853.106;63.5405
S ;SUL;2026-04-22;2335.546;35.7072;2023.056;30.9297
NE;NORDESTE;2026-04-23;7226.484;63.5524;7210.039;63.4077
N ;NORTE;2026-04-23;22014.272;81.0142;12310.534;45.3037
SE;SUDESTE;2026-04-23;40580.313;73.9818;33905.130999999994;61.8123
S ;SUL;2026-04-23;2336.879000000001;35.7276;2049.427;31.3329
NE;NORDESTE;2026-04-24;6808.748999999999;59.8786;6770.138999999999;59.5391
N ;NORTE;2026-04-24;22623.937;83.2578;11294.23;41.5636
SE;SUDESTE;2026-04-24;39906.84999999998;72.754;34016.352;62.015
S ;SUL;2026-04-24;2693.686;41.1827;2268.5909999999994;34.6836
NE;NORDESTE;2026-04-25;6614.648999999999;58.1717;6591.053999999999;57.9642
N ;NORTE;2026-04-25;23138.625;85.1519;12587.295;46.3222
SE;SUDESTE;2026-04-25;39148.63099999998;71.3717;33075.101;60.2991
S ;SUL;2026-04-25;3217.818999999999;49.1959;2718.490999999999;41.5619
NE;NORDESTE;2026-04-26;6547.953;57.5851;6529.363;57.4216
N ;NORTE;2026-04-26;23138.097;85.1499;12444.166;45.7955
SE;SUDESTE;2026-04-26;38305.162;69.834;31522.214;57.468
S ;SUL;2026-04-26;4028.881;61.5959;3357.8099999999995;51.3362
NE;NORDESTE;2026-04-27;6480.839;56.9949;6461.534;56.8251
N ;NORTE;2026-04-27;22961.533;84.5002;12725.954;46.8325
SE;SUDESTE;2026-04-27;37695.20199999998;68.7219;32396.107999999986;59.0612
S ;SUL;2026-04-27;4520.534;69.1126;3964.945;60.6184
NE;NORDESTE;2026-04-28;6336.218;55.723;6317.628;55.5596
N ;NORTE;2026-04-28;22661.683;83.3967;13164.118;48.4449
SE;SUDESTE;2026-04-28;37087.66800000001;67.6143;31780.74600000002;57.9393
S ;SUL;2026-04-28;4832.048000000001;73.8752;4390.465;67.124
NE;NORDESTE;2026-04-29;6132.958;53.9355;6109.363;53.728
N ;NORTE;2026-04-29;22507.269;82.8284;14011.425999999998;51.5631
SE;SUDESTE;2026-04-29;36592.67800000002;66.7119;31019.886;56.5522
S ;SUL;2026-04-29;6645.2019999999975;101.5958;6316.035;96.5633
NE;NORDESTE;2026-04-30;5915.902999999999;52.0266;5895.883;51.8506
N ;NORTE;2026-04-30;22188.129000000004;81.654;14518.547;53.4293
SE;SUDESTE;2026-04-30;36253.37999999998;66.0934;30463.87999999999;55.5386
S ;SUL;2026-04-30;9272.763;141.7675;8942.207;136.7138
NE;NORDESTE;2026-05-01;5692.155;82.8393;5674.994999999999;82.5896
N ;NORTE;2026-05-01;21779.878;106.3684;14174.261000000002;69.2242
SE;SUDESTE;2026-05-01;36180.844000000005;90.6402;30517.934999999987;76.4535
S ;SUL;2026-05-01;9286.651;108.0768;8832.71;102.7939
NE;NORDESTE;2026-05-02;5469.835;79.6038;5444.095;79.2292
N ;NORTE;2026-05-02;21286.778;103.9602;13646.131;66.6449
SE;SUDESTE;2026-05-02;36143.354000000014;90.5463;30357.328000000016;76.0511
S ;SUL;2026-05-02;11227.101000000002;130.6595;10590.485;123.2506
NE;NORDESTE;2026-05-03;5193.8460000000005;75.5873;5157.381;75.0566
N ;NORTE;2026-05-03;20770.26;101.4377;13061.679000000002;63.7906
SE;SUDESTE;2026-05-03;35817.162999999986;89.7291;29688.735;74.3762
S ;SUL;2026-05-03;12075.001000000002;140.5272;11307.962;131.6005
NE;NORDESTE;2026-05-04;4860.567;70.737;4843.407;70.4873
N ;NORTE;2026-05-04;20381.527;99.5392;12987.673;63.4291
SE;SUDESTE;2026-05-04;35563.34800000001;89.0933;30299.08200000001;75.9052
S ;SUL;2026-05-04;12136.699;141.2452;11387.775999999998;132.5294
NE;NORDESTE;2026-05-05;4594.905000000001;66.8708;4579.889999999999;66.6522
N ;NORTE;2026-05-05;19909.804;97.2354;13192.309999999998;64.4285
SE;SUDESTE;2026-05-05;35116.51600000002;87.9739;30434.24300000001;76.2438
S ;SUL;2026-05-05;11693.083;136.0825;11170.998;130.0065
NE;NORDESTE;2026-05-06;4387.248;63.8487;4364.369;63.5157
N ;NORTE;2026-05-06;19470.408;95.0895;13128.793;64.1183
SE;SUDESTE;2026-05-06;34416.90100000002;86.2212;30995.834000000003;77.6507
S ;SUL;2026-05-06;10030.274999999998;116.731;9712.240999999998;113.0297
NE;NORDESTE;2026-05-07;4188.593;60.9576;4167.858;60.6558
N ;NORTE;2026-05-07;18964.979;92.6211;13392.17;65.4046
SE;SUDESTE;2026-05-07;33659.376000000026;84.3234;30116.24500000001;75.4472
S ;SUL;2026-05-07;9036.964;105.1709;8807.996000000001;102.5063
NE;NORDESTE;2026-05-08;4012.51;58.395;4000.355;58.2181
N ;NORTE;2026-05-08;18602.598999999995;90.8513;13565.336;66.2503
SE;SUDESTE;2026-05-08;33043.93200000001;82.7816;30736.218000000023;77.0003
S ;SUL;2026-05-08;9102.878;105.938;8826.533;102.722
NE;NORDESTE;2026-05-09;3844.55;55.9507;3828.82;55.7217
N ;NORTE;2026-05-09;18263.567;89.1955;13393.535;65.4113
SE;SUDESTE;2026-05-09;32736.979000000003;82.0126;30048.103000000003;75.2765
S ;SUL;2026-05-09;9899.476000000002;115.2087;9553.67;111.1843
NE;NORDESTE;2026-05-10;3699.029000000001;53.8329;3679.01;53.5415
N ;NORTE;2026-05-10;17910.648;87.4719;13159.504;64.2683
SE;SUDESTE;2026-05-10;32984.80199999999;82.6335;29548.038;74.0237
S ;SUL;2026-05-10;10809.654;125.8013;9986.951;116.2268
NE;NORDESTE;2026-05-11;3591.476;52.2676;3576.461;52.0491
N ;NORTE;2026-05-11;17460.344;85.2727;13419.331;65.5372
SE;SUDESTE;2026-05-11;34211.704000000005;85.7071;31297.848999999995;78.4073
S ;SUL;2026-05-11;10529.664000000004;122.5428;9861.11;114.7622
NE;NORDESTE;2026-05-12;3499.901;50.9349;3475.591;50.5811
N ;NORTE;2026-05-12;17173.357;83.8711;13657.187;66.6989
SE;SUDESTE;2026-05-12;35943.74900000001;90.0462;32441.965999999997;81.2736
S ;SUL;2026-05-12;9717.880999999998;113.0954;9052.556;105.3524
NE;NORDESTE;2026-05-13;3555.215;51.7399;3533.05;51.4173
N ;NORTE;2026-05-13;16947.895;82.77;11808.73;57.6714
SE;SUDESTE;2026-05-13;36985.605;92.6563;33275.135;83.3608
S ;SUL;2026-05-13;8984.161000000002;104.5564;8378.679000000002;97.5099
NE;NORDESTE;2026-05-14;3660.958;53.2788;3641.653;52.9979
N ;NORTE;2026-05-14;16799.07;82.0432;10419.21;50.8853
SE;SUDESTE;2026-05-14;37009.509000000005;92.7162;33686.261999999995;84.3908
S ;SUL;2026-05-14;8645.95;100.6204;8217.434;95.6334
NE;NORDESTE;2026-05-15;3623.77;52.7376;3605.895;52.4775
N ;NORTE;2026-05-15;16660.659;81.3672;10919.147;53.3269
SE;SUDESTE;2026-05-15;36522.079000000005;91.4951;33416.45;83.7148
S ;SUL;2026-05-15;8452.813;98.3727;8109.707999999999;94.3797
NE;NORDESTE;2026-05-16;3587.074;52.2036;3567.7690000000007;51.9226
N ;NORTE;2026-05-16;16401.514;80.1016;12225.372;59.7062
SE;SUDESTE;2026-05-16;35954.28399999999;90.0726;32384.45099999999;81.1295
S ;SUL;2026-05-16;8682.154;101.0417;8233.215;95.817
NE;NORDESTE;2026-05-17;3542.29;51.5518;3531.565;51.3957
N ;NORTE;2026-05-17;16001.891;78.1499;12807.004;62.5468
SE;SUDESTE;2026-05-17;35540.59900000001;89.0363;31297.169000000005;78.4056
S ;SUL;2026-05-17;9061.719;105.459;8540.191000000003;99.3896
NE;NORDESTE;2026-05-18;3395.123;49.41;3372.243;49.0771
N ;NORTE;2026-05-18;15546.627;75.9265;13068.693;63.8248
SE;SUDESTE;2026-05-18;35406.78599999997;88.701;33426.80399999999;83.7408
S ;SUL;2026-05-18;9168.611999999996;106.7031;8594.187;100.018
NE;NORDESTE;2026-05-19;3297.121;47.9838;3271.3810000000003;47.6092
N ;NORTE;2026-05-19;15008.413;73.298;12918.704000000002;63.0923
SE;SUDESTE;2026-05-19;35524.662000000004;88.9963;33301.52100000001;83.4269
S ;SUL;2026-05-19;8873.836000000001;103.2725;8184.848000000001;95.2541
NE;NORDESTE;2026-05-20;3265.19;47.5191;3238.02;47.1237
N ;NORTE;2026-05-20;14555.409;71.0856;12611.387;61.5914
SE;SUDESTE;2026-05-20;35534.623;89.0213;32794.857;82.1576
S ;SUL;2026-05-20;8314.112000000003;96.7585;7468.697000000001;86.9197
NE;NORDESTE;2026-05-21;3225.4750000000004;46.9411;3199.0200000000004;46.5561
N ;NORTE;2026-05-21;14010.602;68.4249;12095.031;59.0696
SE;SUDESTE;2026-05-21;35588.33699999999;89.1559;32792.992;82.153
S ;SUL;2026-05-21;8010.305;93.2228;7367.04;85.7366
NE;NORDESTE;2026-05-22;3158.729;45.9697;3135.134;45.6264
N ;NORTE;2026-05-22;13474.204;65.8052;11635.594999999998;56.8259
SE;SUDESTE;2026-05-22;35506.71299999999;88.9514;33282.581999999995;83.3795
S ;SUL;2026-05-22;7711.612000000002;89.7467;7095.0340000000015;82.571
NE;NORDESTE;2026-05-23;3066.816;44.6321;3040.3610000000003;44.2471
N ;NORTE;2026-05-23;12939.578;63.1942;11237.964;54.8839
SE;SUDESTE;2026-05-23;35138.23100000003;88.0283;32346.97;81.0356
S ;SUL;2026-05-23;7676.686999999999;89.3402;6816.714000000002;79.332
NE;NORDESTE;2026-05-24;2967.7610000000004;43.1905;2941.306;42.8055
N ;NORTE;2026-05-24;12455.923;60.8322;10823.57;52.8601
SE;SUDESTE;2026-05-24;34527.205;86.4975;30937.166000000005;77.5037
S ;SUL;2026-05-24;7769.3510000000015;90.4186;6914.894000000001;80.4746
NE;NORDESTE;2026-05-25;2885.327;41.9909;2861.0170000000003;41.6371
N ;NORTE;2026-05-25;11906.559;58.1492;10472.044;51.1433
SE;SUDESTE;2026-05-25;33981.68999999999;85.1309;31449.109999999997;78.7863
S ;SUL;2026-05-25;8196.385999999999;95.3884;7666.355999999999;89.22
NE;NORDESTE;2026-05-26;2827.025;41.1424;2802.715;40.7886
N ;NORTE;2026-05-26;11302.281;55.198;10000.335;48.8396
SE;SUDESTE;2026-05-26;33486.708999999995;83.8909;31160.934999999998;78.0643
S ;SUL;2026-05-26;9591.62;111.626;9185.737;106.9023
NE;NORDESTE;2026-05-27;2779.808;40.4552;2754.783;40.091
N ;NORTE;2026-05-27;10738.663;52.4454;9543.660999999998;46.6093
SE;SUDESTE;2026-05-27;33069.993000000024;82.8469;31232.91200000001;78.2447
S ;SUL;2026-05-27;11205.613;130.4094;10698.881;124.5121
NE;NORDESTE;2026-05-28;2763.44;40.217;2741.99;39.9048
N ;NORTE;2026-05-28;10279.879000000004;50.2048;9105.965000000002;44.4717
SE;SUDESTE;2026-05-28;32556.492;81.5605;31294.686999999994;78.3994
S ;SUL;2026-05-28;11880.170999999998;138.2598;11475.868;133.5546
NE;NORDESTE;2026-05-29;2773.27;40.3601;2748.96;40.0063
N ;NORTE;2026-05-29;9888.922000000002;48.2955;8815.625;43.0537
SE;SUDESTE;2026-05-29;32006.44500000001;80.1825;31026.96000000002;77.7287
S ;SUL;2026-05-29;10940.426;127.3232;10579.174;123.119
NE;NORDESTE;2026-05-30;2799.14;40.7366;2774.115;40.3724
N ;NORTE;2026-05-30;9574.95;46.7621;8595.521;41.9788
SE;SUDESTE;2026-05-30;31468.528;78.8349;29719.950999999983;74.4544
S ;SUL;2026-05-30;10053.087999999998;116.9965;9513.462;110.7164
NE;NORDESTE;2026-05-31;2819.225;41.0289;2794.2000000000003;40.6647
N ;NORTE;2026-05-31;9229.975;45.0773;8150.954000000001;39.8076
SE;SUDESTE;2026-05-31;30968.79899999999;77.583;28262.802;70.8039
S ;SUL;2026-05-31;9401.496;109.4133;8921.33;103.8252
NE;NORDESTE;2026-06-01;2824.498;62.2747;2800.9030000000007;61.7545
N ;NORTE;2026-06-01;8925.846;83.6623;7978.648999999999;74.7842
SE;SUDESTE;2026-06-01;30417.667;93.3323;28847.692000000006;88.515
S ;SUL;2026-06-01;8797.055;83.2056;8465.216999999999;80.0669
NE;NORDESTE;2026-06-02;2803.6669999999995;61.8154;2780.072;61.2952
N ;NORTE;2026-06-02;8665.707;81.224;7717.849000000001;72.3397
SE;SUDESTE;2026-06-02;29946.61899999999;91.8869;28643.88099999999;87.8897
S ;SUL;2026-06-02;8085.388999999998;76.4744;7865.132999999998;74.3911
NE;NORDESTE;2026-06-03;2785.992;61.4257;2761.682;60.8897
N ;NORTE;2026-06-03;8398.658999999998;78.7209;7536.054;70.6357
SE;SUDESTE;2026-06-03;29467.89100000001;90.418;28192.132;86.5035
S ;SUL;2026-06-03;7322.172;69.2556;7117.903000000001;67.3236
NE;NORDESTE;2026-06-04;2767.226;61.0119;2741.4860000000003;60.4444
N ;NORTE;2026-06-04;8101.492;75.9356;7192.606;67.4165
SE;SUDESTE;2026-06-04;28957.31;88.8514;27269.074000000004;83.6713
S ;SUL;2026-06-04;6611.805999999999;62.5367;6310.466999999999;59.6866
NE;NORDESTE;2026-06-05;2791.148;61.5394;2761.833;60.893
N ;NORTE;2026-06-05;7869.334;73.7595;7090.724;66.4616
SE;SUDESTE;2026-06-05;28398.22900000001;87.1359;26784.098000000005;82.1832
S ;SUL;2026-06-05;5979.388;56.5551;5779.584;54.6653
NE;NORDESTE;2026-06-06;2823.201;62.2461;2795.316;61.6313
N ;NORTE;2026-06-06;7615.429;71.3797;6697.665999999999;62.7775
SE;SUDESTE;2026-06-06;27923.20700000001;85.6784;26321.031000000003;80.7623
S ;SUL;2026-06-06;5557.700999999999;52.5666;5247.555;49.6332
NE;NORDESTE;2026-06-07;2807.413;61.898;2781.673;61.3305
N ;NORTE;2026-06-07;7410.083;69.455;6409.305;60.0746
SE;SUDESTE;2026-06-07;27427.73000000001;84.1581;25162.95700000001;77.2089
S ;SUL;2026-06-07;5299.453;50.124;4987.941000000001;47.1777
NE;NORDESTE;2026-06-08;2773.904;61.1592;2750.309;60.639
N ;NORTE;2026-06-08;7307.906;68.4973;6564.027999999999;61.5249
SE;SUDESTE;2026-06-08;27054.63799999999;83.0133;25743.07999999999;78.989
S ;SUL;2026-06-08;5216.777;49.3421;4935.697999999999;46.6835
NE;NORDESTE;2026-06-09;2751.097;60.6563;2726.7870000000003;60.1203
N ;NORTE;2026-06-09;7127.085999999999;66.8024;6399.686;59.9845
SE;SUDESTE;2026-06-09;26772.340000000007;82.1471;25396.228;77.9247
S ;SUL;2026-06-09;5148.795;48.6991;4873.003999999999;46.0905
NE;NORDESTE;2026-06-10;2732.695;60.2506;2706.24;59.6673
N ;NORTE;2026-06-10;6947.36;65.1178;6213.51;58.2394
SE;SUDESTE;2026-06-10;26607.83800000001;81.6423;25557.894000000008;78.4207
S ;SUL;2026-06-10;5192.099999999999;49.1087;4998.320000000001;47.2758
NE;NORDESTE;2026-06-11;2705.418;59.6492;2679.6779999999994;59.0817
N ;NORTE;2026-06-11;6869.726;64.3902;6183.354;57.9568
SE;SUDESTE;2026-06-11;26649.000000000007;81.7686;26151.838000000003;80.2432
S ;SUL;2026-06-11;5331.549000000001;50.4276;5102.903;48.265
NE;NORDESTE;2026-06-12;2682.137;59.1359;2655.682;58.5526
N ;NORTE;2026-06-12;6712.2080000000005;62.9138;6099.694;57.1726
SE;SUDESTE;2026-06-12;27200.75800000001;83.4616;26846.17;82.3736
S ;SUL;2026-06-12;6120.352999999999;57.8884;5802.223;54.8794
NE;NORDESTE;2026-06-13;2652.630000000001;58.4853;2633.3250000000003;58.0597
N ;NORTE;2026-06-13;6540.794;61.3071;5915.912;55.45
SE;SUDESTE;2026-06-13;28325.956999999995;86.9141;27229.707;83.5505
S ;SUL;2026-06-13;6923.7300000000005;65.487;6427.743999999999;60.7958
NE;NORDESTE;2026-06-14;2617.332;57.7071;2594.452;57.2026
N ;NORTE;2026-06-14;6344.692;59.469;5714.530999999999;53.5625
SE;SUDESTE;2026-06-14;30185.738000000023;92.6206;28077.72000000001;86.1525
S ;SUL;2026-06-14;6907.748000000001;65.3358;6112.229;57.8116
NE;NORDESTE;2026-06-15;2590.4280000000003;57.1139;2567.548;56.6094
N ;NORTE;2026-06-15;6177.995999999999;57.9066;5617.172999999999;52.65
SE;SUDESTE;2026-06-15;31757.05799999999;97.442;31322.01;96.1071
S ;SUL;2026-06-15;6757.284000000001;63.9127;6321.741;59.7932
NE;NORDESTE;2026-06-16;2593.1490000000003;57.1739;2568.839;56.6379
N ;NORTE;2026-06-16;6009.9580000000005;56.3315;5463.074;51.2056
SE;SUDESTE;2026-06-16;32365.228000000003;99.3081;31667.889;97.1684
S ;SUL;2026-06-16;6356.586;60.1228;5878.775;55.6035
NE;NORDESTE;2026-06-17;2616.583;57.6906;2594.418;57.2019
N ;NORTE;2026-06-17;5857.458999999999;54.9022;5305.864;49.732
SE;SUDESTE;2026-06-17;32602.60500000001;100.0364;31339.98000000001;96.1622
S ;SUL;2026-06-17;5941.664000000001;56.1983;5488.032999999999;51.9077
NE;NORDESTE;2026-06-18;2620.3660000000004;57.774;2592.481;57.1592
N ;NORTE;2026-06-18;5688.758;53.3209;5169.7480000000005;48.4562
SE;SUDESTE;2026-06-18;32622.72200000001;100.0982;31001.70800000001;95.1243
S ;SUL;2026-06-18;5615.792999999999;53.1161;5296.358;50.0948
NE;NORDESTE;2026-06-19;2570.597;56.6767;2539.8519999999994;55.9988
N ;NORTE;2026-06-19;5611.955;52.601;5074.142000000001;47.5601
SE;SUDESTE;2026-06-19;32489.87200000001;99.6905;31263.901999999995;95.9288
S ;SUL;2026-06-19;5622.616000000001;53.1806;5302.912;50.1568
NE;NORDESTE;2026-06-20;2494.416;54.997;2466.531;54.3822
N ;NORTE;2026-06-20;5492.027000000001;51.477;4954.813;46.4416
SE;SUDESTE;2026-06-20;32235.248000000003;98.9092;30781.73800000001;94.4494
S ;SUL;2026-06-20;5920.518;55.9983;5543.473000000001;52.4321
NE;NORDESTE;2026-06-21;2426.606;53.5019;2398.0060000000003;52.8714
N ;NORTE;2026-06-21;5346.987;50.1175;4866.682000000001;45.6156
SE;SUDESTE;2026-06-21;31898.84599999999;97.877;29862.860999999997;91.6299
S ;SUL;2026-06-21;6486.316;61.3498;5880.976999999997;55.6243
NE;NORDESTE;2026-06-22;2399.58;52.9061;2369.55;52.244
N ;NORTE;2026-06-22;5196.22;48.7043;4704.233;44.0929
SE;SUDESTE;2026-06-22;31510.838999999996;96.6865;30421.129;93.3429
S ;SUL;2026-06-22;7561.989999999998;71.5239;7048.4220000000005;66.6664
NE;NORDESTE;2026-06-23;2389.54;52.6847;2363.8;52.1172
N ;NORTE;2026-06-23;5030.227;47.1485;4622.897;43.3306
SE;SUDESTE;2026-06-23;31949.359000000008;98.032;30590.623000000003;93.863
S ;SUL;2026-06-23;8958.389000000001;84.7315;8398.668000000001;79.4375
NE;NORDESTE;2026-06-24;2399.617;52.9069;2373.162;52.3236
N ;NORTE;2026-06-24;4871.237;45.6583;4343.492;40.7117
SE;SUDESTE;2026-06-24;33021.79200000001;101.3226;32340.211000000003;99.2313
S ;SUL;2026-06-24;9503.273;89.8852;8771.015;82.9593
NE;NORDESTE;2026-06-25;2356.864;51.9643;2328.264;51.3337
N ;NORTE;2026-06-25;4736.886;44.399;4426.783;41.4924
SE;SUDESTE;2026-06-25;32447.246000000003;99.5597;31120.482000000007;95.4887
S ;SUL;2026-06-25;9192.897;86.9496;8529.919000000002;80.6789
NE;NORDESTE;2026-06-26;2313.9000000000005;51.017;2289.59;50.481
N ;NORTE;2026-06-26;4632.902;43.4244;4212.847;39.4872
SE;SUDESTE;2026-06-26;32685.882;100.292;30546.871;93.7287
S ;SUL;2026-06-26;8712.302;82.4039;8220.749;77.7547
NE;NORDESTE;2026-06-27;2311.878;50.9724;2286.138;50.4049
N ;NORTE;2026-06-27;4552.368999999999;42.6695;4038.015;37.8485
SE;SUDESTE;2026-06-27;32481.72000000002;99.6655;29865.41000000001;91.6377
S ;SUL;2026-06-27;8735.839;82.6266;8338.682;78.8701
NE;NORDESTE;2026-06-28;2331.7720000000004;51.411;2331.772;51.411
N ;NORTE;2026-06-28;4491.162;42.0958;3968.489;37.1968
SE;SUDESTE;2026-06-28;32209.92;98.8315;28103.469;86.2315
S ;SUL;2026-06-28;13579.142;128.4362;12194.036;115.3354
NE;NORDESTE;2026-06-29;2354.599;51.9143;2335.2939999999994;51.4887
N ;NORTE;2026-06-29;4470.876;41.9057;3939.896;36.9288
SE;SUDESTE;2026-06-29;31775.712000000003;97.4992;27290.403999999995;83.7367
S ;SUL;2026-06-29;20640.397000000004;195.2239;14687.027999999998;138.9149
NE;NORDESTE;2026-06-30;2360.052;52.0345;2327.1620000000003;51.3094
N ;NORTE;2026-06-30;4432.502;41.546;3921.1600000000008;36.7532
SE;SUDESTE;2026-06-30;31539.14;96.7733;27960.179999999997;85.7918
S ;SUL;2026-06-30;24520.695;231.9251;16273.186;153.9174
NE;NORDESTE;2026-07-01;2376.9240000000004;63.4964;2349.039;62.7515
N ;NORTE;2026-07-01;4360.076;83.1821;3878.326;73.9912
SE;SUDESTE;2026-07-01;31365.378000000008;122.3959;28142.20700000001;109.8182
S ;SUL;2026-07-01;32040.480000000007;292.2939;21888.263;199.6789
NE;NORDESTE;2026-07-02;2421.302;64.6819;2397.707;64.0516
N ;NORTE;2026-07-02;4259.019;81.2542;3729.709;71.1559
SE;SUDESTE;2026-07-02;30591.56000000001;119.3763;27583.818;107.6393
S ;SUL;2026-07-02;47606.583000000006;434.298;35121.363999999994;320.3997
NE;NORDESTE;2026-07-03;2437.568;65.1164;2408.968;64.3524
N ;NORTE;2026-07-03;4138.077;78.9468;3677.813999999999;70.1658
SE;SUDESTE;2026-07-03;29909.98000000001;116.7166;26450.622999999992;103.2172
S ;SUL;2026-07-03;47681.46699999999;434.9811;35051.712;319.7643
NE;NORDESTE;2026-07-04;2444.7380000000003;65.308;2420.4280000000003;64.6586
N ;NORTE;2026-07-04;4027.653;76.8401;3574.79;68.2003
SE;SUDESTE;2026-07-04;29141.356999999996;113.7172;25840.497;100.8364
S ;SUL;2026-07-04;39320.775;358.7095;29409.436;268.2919
NE;NORDESTE;2026-07-05;2424.908;64.7783;2399.168;64.0906
N ;NORTE;2026-07-05;3938.545;75.1401;3414.6430000000005;65.145
SE;SUDESTE;2026-07-05;28173.77699999999;109.9414;25110.70799999999;97.9885
S ;SUL;2026-07-05;30839.875000000004;281.3412;23112.427000000003;210.8465
NE;NORDESTE;2026-07-06;2397.336;64.0417;2371.5959999999995;63.3541
N ;NORTE;2026-07-06;3895.049;74.3103;3298.0419999999995;62.9205
SE;SUDESTE;2026-07-06;27125.119;105.8493;25748.578;100.4777
S ;SUL;2026-07-06;24923.401;227.3673;17546.497;160.0705
NE;NORDESTE;2026-07-07;2390.8720000000003;63.869;2364.417;63.1623
N ;NORTE;2026-07-07;3882.495;74.0708;3311.779;63.1826
SE;SUDESTE;2026-07-07;26150.80899999999;102.0473;24906.227999999992;97.1906
S ;SUL;2026-07-07;21340.626;194.683;13806.981999999998;125.9562
NE;NORDESTE;2026-07-08;2392.1090000000004;63.9021;2366.3690000000006;63.2145
N ;NORTE;2026-07-08;3811.302;72.7125;3265.858;62.3065
SE;SUDESTE;2026-07-08;25303.29500000001;98.7401;24267.742000000013;94.6991
S ;SUL;2026-07-08;18789.565;171.4105;13404.863;122.2878
NE;NORDESTE;2026-07-09;2397.135;64.0363;2371.395;63.3487
N ;NORTE;2026-07-09;3709.495;70.7703;3171.8480000000004;60.513
SE;SUDESTE;2026-07-09;24539.439;95.7593;23497.789;91.6945
S ;SUL;2026-07-09;17097.280000000002;155.9724;11873.033;108.3135
NE;NORDESTE;2026-07-10;2391.837;63.8948;2366.097;63.2072
N ;NORTE;2026-07-10;3605.817000000001;68.7923;3110.509;59.3427
SE;SUDESTE;2026-07-10;23932.718000000008;93.3917;22826.027;89.0731
S ;SUL;2026-07-10;16459.530999999995;150.1545;9422.294000000002;85.9562
NE;NORDESTE;2026-07-11;2368.5070000000005;63.2716;2340.6220000000003;62.5267
N ;NORTE;2026-07-11;3503.822;66.8464;2953.3769999999995;56.3449
SE;SUDESTE;2026-07-11;23415.603;91.3738;21990.829999999994;85.814
S ;SUL;2026-07-11;20957.016;191.1834;12374.545000000002;112.8886
NE;NORDESTE;2026-07-12;2340.246;62.5166;2314.506;61.829
N ;NORTE;2026-07-12;3411.963000000001;65.0939;2940.572;56.1006
SE;SUDESTE;2026-07-12;23077.415000000005;90.0541;21044.33399999999;82.1205
S ;SUL;2026-07-12;27057.273;246.8339;13072.875;119.2592
NE;NORDESTE;2026-07-13;2324.292;62.0904;2300.697;61.4601
N ;NORTE;2026-07-13;3365.135;64.2005;3179.223;60.6537
SE;SUDESTE;2026-07-13;22756.272;88.8009;22042.483;86.0155
S ;SUL;2026-07-13;27292.345;248.9784;14864.512000000002;135.6037
NE;NORDESTE;2026-07-14;2336.533;62.4174;2314.368;61.8253
N ;NORTE;2026-07-14;3319.449;63.3289;3043.767;58.0694
SE;SUDESTE;2026-07-14;22490.45499999999;87.7636;21541.868;84.062
S ;SUL;2026-07-14;24105.65500000001;219.9073;12571.144;114.6821
NE;NORDESTE;2026-07-15;2370.599;63.3275;2339.854;62.5061
N ;NORTE;2026-07-15;3313.8190000000004;63.2215;2970.1390000000006;56.6647
SE;SUDESTE;2026-07-15;22187.77600000001;86.5825;21010.373000000007;81.988
S ;SUL;2026-07-15;20863.853000000003;190.3335;10132.092;92.4315
NE;NORDESTE;2026-07-16;2399.49;64.0992;2363.74;63.1442
N ;NORTE;2026-07-16;3298.406;62.9274;3002.397;57.2801
SE;SUDESTE;2026-07-16;21854.75200000001;85.283;20324.354;79.3109
S ;SUL;2026-07-16;18116.49;165.2703;10042.832;91.6172
NE;NORDESTE;2026-07-17;2402.514;64.18;2373.914;63.416
N ;NORTE;2026-07-17;3260.5289999999995;62.2048;2921.457;55.736
SE;SUDESTE;2026-07-17;21511.747000000003;83.9445;20203.56199999999;78.8396
S ;SUL;2026-07-17;16171.185;147.524;8318.105;75.8831
NE;NORDESTE;2026-07-18;2371.8590000000004;63.3611;2339.684;62.5016
N ;NORTE;2026-07-18;3186.755;60.7974;2887.8659999999995;55.0951
SE;SUDESTE;2026-07-18;21164.552;82.5896;19804.88;77.2838
S ;SUL;2026-07-18;14900.666;135.9335;5350.562999999999;48.8113
NE;NORDESTE;2026-07-19;2323.975;62.082;2292.515;61.2415
N ;NORTE;2026-07-19;3108.668;59.3076;2796.067;53.3438
SE;SUDESTE;2026-07-19;20783.928;81.1043;19261.082999999995;75.1618
S ;SUL;2026-07-19;13565.121000000005;123.7498;4662.573;42.535
NE;NORDESTE;2026-07-20;2275.4810000000007;60.7865;2248.311;60.0607
N ;NORTE;2026-07-20;3045.99;58.1118;2745.6000000000004;52.3809
SE;SUDESTE;2026-07-20;20464.414;79.8575;19074.343999999997;74.4331
S ;SUL;2026-07-20;13443.97;122.6446;6103.728;55.6821
NE;NORDESTE;2026-07-21;2254.4010000000003;60.2234;2230.091;59.574
N ;NORTE;2026-07-21;3011.637;57.4564;2704.575;51.5983
SE;SUDESTE;2026-07-21;20226.349;78.9285;19301.72;75.3204
S ;SUL;2026-07-21;18788.44;171.4003;13605.702;124.12
NE;NORDESTE;2026-07-22;2258.249;60.3262;2232.509;59.6386
N ;NORTE;2026-07-22;3013.2809999999995;57.4878;2660.364;50.7548
SE;SUDESTE;2026-07-22;20000.365;78.0467;19129.56;74.6485
S ;SUL;2026-07-22;51717.166000000005;471.7974;8583.135000000002;78.3009
NE;NORDESTE;2026-07-23;2266.348;60.5425;2242.038;59.8931
N ;NORTE;2026-07-23;3036.661;57.9338;2652.61;50.6069
SE;SUDESTE;2026-07-23;20264.97500000001;79.0792;19156.289999999997;74.7529
S ;SUL;2026-07-23;54595.766;498.0578;10111.371;92.2425
NE;NORDESTE;2026-07-24;2256.543;60.2806;2232.233;59.6312
N ;NORTE;2026-07-24;3021.8609999999994;57.6515;2612.527;49.8422
SE;SUDESTE;2026-07-24;20897.074000000004;81.5458;20171.911000000004;78.7161
S ;SUL;2026-07-24;44745.265;408.1952;13777.867000000002;125.6906
NE;NORDESTE;2026-07-25;2240.522;59.8526;2213.3520000000003;59.1268
N ;NORTE;2026-07-25;2937.434;56.0408;2530.129;48.2702
SE;SUDESTE;2026-07-25;21689.323;84.6374;20284.627999999982;79.1559
S ;SUL;2026-07-25;35131.475999999995;320.492;12469.929999999998;113.7587
NE;NORDESTE;2026-07-26;2237.709;59.7775;2210.539;59.0517
N ;NORTE;2026-07-26;2862.956;54.6199;2460.503;46.9418
SE;SUDESTE;2026-07-26;22894.255999999998;89.3394;20933.188999999995;81.6868
S ;SUL;2026-07-26;27648.427;252.2268;11172.424;101.9221
NE;NORDESTE;2026-07-27;2250.069;60.1077;2225.759;59.4582
N ;NORTE;2026-07-27;2783.3;53.1002;2397.193;45.734
SE;SUDESTE;2026-07-27;23865.012999999995;93.1275;21792.297999999995;85.0392
S ;SUL;2026-07-27;22848.51;208.4389;10798.371999999998;98.5097
NE;NORDESTE;2026-07-28;2255.8450000000003;60.262;2231.534;59.6125
N ;NORTE;2026-07-28;2705.139;51.609;2418.0890000000004;46.1326
SE;SUDESTE;2026-07-28;24246.15799999999;94.6148;22045.09399999999;86.0257
S ;SUL;2026-07-28;25139.462000000003;229.3384;14024.566000000004;127.9411
NE;NORDESTE;2026-07-29;2264.753;60.4999;2240.443;59.8505
N ;NORTE;2026-07-29;2653.974;50.6329;2388.5039999999995;45.5682
SE;SUDESTE;2026-07-29;24273.017000000003;94.7197;22328.602000000006;87.132
S ;SUL;2026-07-29;38949.97099999999;355.3268;11469.405;104.6313
NE;NORDESTE;2026-07-30;2263.831;60.4753;2239.521;59.8259
N ;NORTE;2026-07-30;2604.042;49.6803;2418.195;46.1347
SE;SUDESTE;2026-07-30;24036.169000000005;93.7954;22246.343;86.811
S ;SUL;2026-07-30;39728.983;362.4334;7026.440999999999;64.0997
NE;NORDESTE;2026-07-31;2246.8540000000003;60.0218;2216.745;59.2175
N ;NORTE;2026-07-31;2568.46;49.0014;2339.055;44.6248
SE;SUDESTE;2026-07-31;23854.893;93.088;22070.072;86.1232
S ;SUL;2026-07-31;33152.672;302.4401;10430.271;95.1517
NE;NORDESTE;2026-08-01;2209.458;67.6303;2182.288;66.7986
N ;NORTE;2026-08-01;2527.392;79.6376;2274.335;71.6639
SE;SUDESTE;2026-08-01;23387.806000000004;113.6902;21635.118;105.1702
S ;SUL;2026-08-01;25845.917;258.7923;13249.095;132.6617
NE;NORDESTE;2026-08-02;2173.959;66.5437;2147.5040000000004;65.7339
N ;NORTE;2026-08-02;2486.628;78.3532;2253.53;71.0083
SE;SUDESTE;2026-08-02;22880.071;111.222;20954.51100000001;101.8617
S ;SUL;2026-08-02;20981.552000000003;210.0859;13464.451;134.818
NE;NORDESTE;2026-08-03;2149.224;65.7866;2120.91;64.9199
N ;NORTE;2026-08-03;2437.587;76.8079;2266.481;71.4164
SE;SUDESTE;2026-08-03;22361.837;108.7029;20687.49499999999;100.5637
S ;SUL;2026-08-03;17900.296999999995;179.2337;13257.389000000005;132.7447
NE;NORDESTE;2026-08-04;2141.481;65.5496;2111.8160000000003;64.6415
N ;NORTE;2026-08-04;2361.695;74.4166;2269.176;71.5013
SE;SUDESTE;2026-08-04;21807.087000000007;106.0062;20447.576;99.3975
S ;SUL;2026-08-04;16164.277999999997;161.8511;13977.685;139.957
NE;NORDESTE;2026-08-05;2153.794;65.9265;2126.624;65.0948
N ;NORTE;2026-08-05;2309.289;72.7653;2218.31;69.8985
SE;SUDESTE;2026-08-05;21248.387999999995;103.2903;20017.885;97.3087
S ;SUL;2026-08-05;15124.886;151.4438;11587.824;116.0276
NE;NORDESTE;2026-08-06;2172.347;66.4944;2148.037;65.7502
N ;NORTE;2026-08-06;2281.586;71.8923;2207.762;69.5662
SE;SUDESTE;2026-08-06;20799.028;101.1059;19528.798000000003;94.9312
S ;SUL;2026-08-06;15328.541;153.483;8069.729;80.8013
NE;NORDESTE;2026-08-07;2180.627;66.7478;2153.478;65.9168
N ;NORTE;2026-08-07;2247.458;70.817;2165.435;68.2324
SE;SUDESTE;2026-08-07;20751.632000000005;100.8755;19483.805;94.7125
S ;SUL;2026-08-07;17697.529000000002;177.2034;6796.265;68.0502
NE;NORDESTE;2026-08-08;2173.837;66.54;2148.8120000000004;65.774
N ;NORTE;2026-08-08;2203.459;69.4306;2097.219;66.083
SE;SUDESTE;2026-08-08;20721.689000000013;100.73;19380.933;94.2124
S ;SUL;2026-08-08;19051.231;190.7578;9292.584;93.0456
NE;NORDESTE;2026-08-09;2164.706;66.2605;2138.966;65.4726
N ;NORTE;2026-08-09;2147.082;67.6541;2064.569;65.0542
SE;SUDESTE;2026-08-09;20565.636;99.9714;19471.340999999997;94.6519
S ;SUL;2026-08-09;19533.177;195.5835;10497.429;105.1096
NE;NORDESTE;2026-08-10;2143.5060000000003;65.6115;2118.481;64.8455
N ;NORTE;2026-08-10;2098.104;66.1109;2012.317;63.4077
SE;SUDESTE;2026-08-10;20287.16;98.6177;19359.773;94.1096
S ;SUL;2026-08-10;18878.900999999994;189.0323;8919.57;89.3107
NE;NORDESTE;2026-08-11;2112.3250000000003;64.6571;2085.484;63.8355
N ;NORTE;2026-08-11;2077.085;65.4486;2003.038;63.1153
SE;SUDESTE;2026-08-11;20073.481000000014;97.579;19376.96900000001;94.1931
S ;SUL;2026-08-11;18710.608;187.3472;6688.238;66.9686
NE;NORDESTE;2026-08-12;2096.358;64.1684;2070.554;63.3785
N ;NORTE;2026-08-12;2034.059;64.0928;1977.763;62.3189
SE;SUDESTE;2026-08-12;19884.468000000008;96.6601;18912.742;91.9365
S ;SUL;2026-08-12;20139.06399999999;201.6502;14331.073000000002;143.4954
NE;NORDESTE;2026-08-13;2084.96;63.8195;2062.08;63.1191
N ;NORTE;2026-08-13;1985.465;62.5616;1934.317;60.95
SE;SUDESTE;2026-08-13;19682.60000000001;95.6788;18883.529;91.7945
S ;SUL;2026-08-13;26135.771;261.6945;11868.937;118.8423
NE;NORDESTE;2026-08-14;2078.9700000000003;63.6361;2055.747;62.9253
N ;NORTE;2026-08-14;1942.511;61.2082;1889.761;59.546
SE;SUDESTE;2026-08-14;19398.80699999999;94.2993;18629.571;90.56
S ;SUL;2026-08-14;28383.816000000003;284.204;9106.78;91.1852
NE;NORDESTE;2026-08-15;2067.115;63.2733;2044.142;62.5701
N ;NORTE;2026-08-15;1904.635;60.0147;1841.609;58.0287
SE;SUDESTE;2026-08-15;19203.805999999982;93.3514;18272.45999999999;88.824
S ;SUL;2026-08-15;26769.302;268.038;9452.580999999998;94.6476
NE;NORDESTE;2026-08-16;2039.862;62.4391;2018.798;61.7943
N ;NORTE;2026-08-16;1863.405;58.7155;1823.185;57.4482
SE;SUDESTE;2026-08-16;18880.309000000005;91.7788;17747.765000000003;86.2734
S ;SUL;2026-08-16;25668.737000000005;257.0182;6646.780000000001;66.5535
NE;NORDESTE;2026-08-17;2010.649;61.5449;1990.0;60.9128
N ;NORTE;2026-08-17;1829.076;57.6338;1783.5090000000002;56.198
SE;SUDESTE;2026-08-17;18894.637;91.8485;18050.145;87.7433
S ;SUL;2026-08-17;23420.328;234.5051;11577.526999999998;115.9245
NE;NORDESTE;2026-08-18;1984.943;60.758;1963.135;60.0905
N ;NORTE;2026-08-18;1789.796;56.3961;1762.8250000000005;55.5463
SE;SUDESTE;2026-08-18;18758.606000000003;91.1872;17998.074;87.4902
S ;SUL;2026-08-18;21035.322;210.6243;13864.131;138.82
NE;NORDESTE;2026-08-19;1970.5500000000004;60.3175;1947.7920000000004;59.6208
N ;NORTE;2026-08-19;1747.715;55.0702;1713.735;53.9995
SE;SUDESTE;2026-08-19;18520.583;90.0302;17803.86300000001;86.5461
S ;SUL;2026-08-19;19385.272;194.1026;11509.076;115.2391
NE;NORDESTE;2026-08-20;1966.864;60.2046;1945.099;59.5384
N ;NORTE;2026-08-20;1703.6420000000005;53.6814;1675.957;52.8091
SE;SUDESTE;2026-08-20;18234.63199999999;88.6401;17539.102999999992;85.2591
S ;SUL;2026-08-20;17927.338000000003;179.5044;10650.165;106.6389
NE;NORDESTE;2026-08-21;1956.8020000000004;59.8966;1937.5260000000003;59.3066
N ;NORTE;2026-08-21;1670.2179999999996;52.6283;1647.081;51.8992
SE;SUDESTE;2026-08-21;17874.20799999999;86.8881;17314.43;84.167
S ;SUL;2026-08-21;16876.142999999996;168.9789;10800.747;108.1467
NE;NORDESTE;2026-08-22;1936.379;59.2715;1916.009;58.648
N ;NORTE;2026-08-22;1639.091;51.6474;1609.234;50.7067
SE;SUDESTE;2026-08-22;17552.68;85.3251;16804.664000000008;81.6889
S ;SUL;2026-08-22;15571.021;155.9109;12276.135000000002;122.9196
NE;NORDESTE;2026-08-23;1921.3580000000004;58.8117;1903.018;58.2503
N ;NORTE;2026-08-23;1620.4340000000002;51.0596;1575.383;49.64
SE;SUDESTE;2026-08-23;17340.467999999997;84.2935;16269.252;79.0863
S ;SUL;2026-08-23;14498.276;145.1696;12063.834;120.7938
NE;NORDESTE;2026-08-24;1930.245;59.0837;1910.475;58.4786
N ;NORTE;2026-08-24;1588.646;50.0579;1561.4969999999998;49.2025
SE;SUDESTE;2026-08-24;17241.113999999998;83.8106;16539.814000000002;80.4015
S ;SUL;2026-08-24;13691.92;137.0957;10824.050999999998;108.38
NE;NORDESTE;2026-08-25;1945.049;59.5369;1926.144;58.9582
N ;NORTE;2026-08-25;1554.3750000000002;48.9781;1534.0320000000002;48.3371
SE;SUDESTE;2026-08-25;17177.492000000002;83.5013;16149.618999999995;78.5047
S ;SUL;2026-08-25;13112.3;131.292;8830.797999999999;88.4218
NE;NORDESTE;2026-08-26;1948.3340000000003;59.6374;1927.628;59.0036
N ;NORTE;2026-08-26;1508.288;47.5259;1480.54;46.6515
SE;SUDESTE;2026-08-26;17266.284000000007;83.9329;16273.054000000002;79.1047
S ;SUL;2026-08-26;12456.257;124.7231;3895.537;39.0056
NE;NORDESTE;2026-08-27;1947.875;59.6234;1929.821;59.0708
N ;NORTE;2026-08-27;1470.438;46.3332;1449.425;45.6711
SE;SUDESTE;2026-08-27;17372.467;84.4491;16277.128;79.1245
S ;SUL;2026-08-27;11693.230999999996;117.083;4232.002;42.3746
NE;NORDESTE;2026-08-28;1951.566;59.7364;1933.498;59.1833
N ;NORTE;2026-08-28;1433.016;45.1541;1415.2710000000002;44.5949
SE;SUDESTE;2026-08-28;17428.614;84.722;16683.823000000004;81.1015
S ;SUL;2026-08-28;10974.837;109.8898;6560.156000000001;65.6861
NE;NORDESTE;2026-08-29;1922.627;58.8506;1905.395;58.3231
N ;NORTE;2026-08-29;1408.62;44.3853;1395.206;43.9627
SE;SUDESTE;2026-08-29;17432.26;84.7397;16505.859999999997;80.2364
S ;SUL;2026-08-29;10768.032;107.8191;7154.633999999999;71.6385
NE;NORDESTE;2026-08-30;1882.086;57.6096;1864.147;57.0605
N ;NORTE;2026-08-30;1373.773;43.2873;1345.074;42.383
SE;SUDESTE;2026-08-30;17402.042999999998;84.5929;15792.352999999996;76.768
S ;SUL;2026-08-30;12214.718;122.3046;9244.538;92.5645
NE;NORDESTE;2026-08-31;1858.113;56.8758;1840.517;56.3372
N ;NORTE;2026-08-31;1350.611;42.5575;1336.6319999999998;42.117
SE;SUDESTE;2026-08-31;17549.924999999992;85.3117;16779.175000000007;81.565
S ;SUL;2026-08-31;24112.291;241.4337;15421.231;154.4111
NE;NORDESTE;2026-09-01;1862.453;63.7244;1845.615;63.1483
N ;NORTE;2026-09-01;1325.576;58.6485;1316.8409999999997;58.262
SE;SUDESTE;2026-09-01;18198.894;92.5012;17726.412000000008;90.0996
S ;SUL;2026-09-01;37964.06700000001;325.1085;11014.419000000002;94.3229
NE;NORDESTE;2026-09-02;1920.128;65.6978;1902.675;65.1007
N ;NORTE;2026-09-02;1312.94;58.0894;1307.765;57.8605
SE;SUDESTE;2026-09-02;18757.032999999992;95.3381;18069.639;91.8442
S ;SUL;2026-09-02;38459.49199999999;329.3511;10186.704;87.2347
NE;NORDESTE;2026-09-03;1941.166;66.4176;1924.75;65.856
N ;NORTE;2026-09-03;1296.659;57.3691;1292.722;57.1949
SE;SUDESTE;2026-09-03;19560.311000000005;99.421;18478.107000000007;93.9204
S ;SUL;2026-09-03;33117.157;283.6015;7808.050999999999;66.8649
NE;NORDESTE;2026-09-04;1895.198;64.8448;1877.287;64.232
N ;NORTE;2026-09-04;1282.019;56.7214;1274.8490000000002;56.4042
SE;SUDESTE;2026-09-04;20373.945000000003;103.5565;18701.661;95.0566
S ;SUL;2026-09-04;27694.079;237.1606;8046.110999999999;68.9035
NE;NORDESTE;2026-09-05;1832.358;62.6947;1814.983;62.1002
N ;NORTE;2026-09-05;1276.764;56.4889;1269.8749999999998;56.1841
SE;SUDESTE;2026-09-05;21062.381000000005;107.0557;19146.65500000001;97.3184
S ;SUL;2026-09-05;24102.472999999994;206.4035;12542.304999999997;107.4071
NE;NORDESTE;2026-09-06;1770.0209999999995;60.5619;1751.824;59.9392
N ;NORTE;2026-09-06;1270.682;56.2198;1255.311;55.5397
SE;SUDESTE;2026-09-06;21500.536;109.2827;19575.191999999992;99.4966
S ;SUL;2026-09-06;21762.549000000003;186.3654;12790.514999999998;109.5326
NE;NORDESTE;2026-09-07;1763.526;60.3396;1747.2240000000002;59.7819
N ;NORTE;2026-09-07;1270.8000000000002;56.225;1261.744;55.8243
SE;SUDESTE;2026-09-07;21473.411999999997;109.1449;19553.723;99.3875
S ;SUL;2026-09-07;19435.367;166.4364;10661.387;91.2997
NE;NORDESTE;2026-09-08;1787.105;61.1464;1769.0300000000002;60.528
N ;NORTE;2026-09-08;1265.789;56.0033;1258.8189999999995;55.6949
SE;SUDESTE;2026-09-08;21738.682999999997;110.4932;19958.663;101.4457
S ;SUL;2026-09-08;18172.742;155.6238;7412.136000000001;63.4744
NE;NORDESTE;2026-09-09;1825.968;62.4761;1807.721;61.8518
N ;NORTE;2026-09-09;1273.385;56.3394;1272.963;56.3207
SE;SUDESTE;2026-09-09;22072.39999999999;112.1894;20276.11;103.0592
S ;SUL;2026-09-09;17294.849;148.1059;8545.678;73.1816
NE;NORDESTE;2026-09-10;1865.5330000000004;63.8298;1848.4440000000004;63.2451
N ;NORTE;2026-09-10;1283.8389999999995;56.8019;1283.5569999999998;56.7894
SE;SUDESTE;2026-09-10;23360.029999999995;118.7341;21545.828000000005;109.5129
S ;SUL;2026-09-10;21950.433;187.9744;6034.1720000000005;51.6741
NE;NORDESTE;2026-09-11;1908.142;65.2877;1889.845;64.6617
N ;NORTE;2026-09-11;1294.05;57.2537;1291.809;57.1545
SE;SUDESTE;2026-09-11;24724.538;125.6697;22544.915999999997;114.5911
S ;SUL;2026-09-11;36389.931;311.6282;9778.697;83.7407
NE;NORDESTE;2026-09-12;1993.733;68.2162;1976.337;67.621
N ;NORTE;2026-09-12;1288.0470000000005;56.9881;1275.245;56.4217
SE;SUDESTE;2026-09-12;29621.157000000003;150.5581;26424.788000000008;134.3117
S ;SUL;2026-09-12;48255.533;413.2403;8663.98;74.1947
NE;NORDESTE;2026-09-13;2036.464;69.6783;2017.138;69.017
N ;NORTE;2026-09-13;1284.239;56.8196;1278.5699999999997;56.5688
SE;SUDESTE;2026-09-13;33312.262;169.3193;26693.20400000001;135.676
S ;SUL;2026-09-13;45915.60099999999;393.2021;9304.282;79.678
NE;NORDESTE;2026-09-14;2037.796;69.7239;2018.991;69.0804
N ;NORTE;2026-09-14;1272.371;56.2945;1260.6760000000002;55.7771
SE;SUDESTE;2026-09-14;37245.36699999999;189.3104;30588.624000000007;155.4756
S ;SUL;2026-09-14;38657.448;331.0463;12617.858999999997;108.0541
NE;NORDESTE;2026-09-15;2044.385;69.9493;2028.433;69.4035
N ;NORTE;2026-09-15;1253.6419999999998;55.4659;1240.829;54.899
SE;SUDESTE;2026-09-15;39620.74600000001;201.384;32427.422;164.8218
S ;SUL;2026-09-15;32617.722;279.3246;9505.149999999998;81.3981
NE;NORDESTE;2026-09-16;2083.049;71.2722;2067.448;70.7384
N ;NORTE;2026-09-16;1223.742;54.143;1212.664;53.6529
SE;SUDESTE;2026-09-16;40780.89800000001;207.2808;34094.263;173.294
S ;SUL;2026-09-16;28406.811;243.2641;8629.818000000001;73.9022
NE;NORDESTE;2026-09-17;2133.809;73.009;2120.3880000000004;72.5498
N ;NORTE;2026-09-17;1196.988;52.9593;1178.249;52.1302
SE;SUDESTE;2026-09-17;40949.499;208.1377;34275.036;174.2128
S ;SUL;2026-09-17;24737.066999999995;211.8379;9323.228;79.8402
NE;NORDESTE;2026-09-18;2164.095;74.0452;2149.781;73.5555
N ;NORTE;2026-09-18;1170.8190000000002;51.8015;1153.3840000000002;51.0301
SE;SUDESTE;2026-09-18;40004.861;203.3363;33741.395;171.5005
S ;SUL;2026-09-18;22773.238;195.0205;12100.404000000002;103.6228
NE;NORDESTE;2026-09-19;2168.874;74.2087;2156.483;73.7848
N ;NORTE;2026-09-19;1143.486;50.5922;1072.5;47.4515
SE;SUDESTE;2026-09-19;38526.991;195.8246;31355.150999999987;159.3717
S ;SUL;2026-09-19;22848.272;195.6631;13789.196000000004;118.0849
NE;NORDESTE;2026-09-20;2155.697;73.7579;2144.336;73.3692
N ;NORTE;2026-09-20;1132.7;50.1149;1098.146;48.5861
SE;SUDESTE;2026-09-20;37233.877;189.252;30046.449;152.7198
S ;SUL;2026-09-20;24750.183;211.9503;9728.430000000002;83.3102
NE;NORDESTE;2026-09-21;2155.981;73.7676;2142.589;73.3094
N ;NORTE;2026-09-21;1117.63;49.4482;1116.927;49.4171
SE;SUDESTE;2026-09-21;36261.112999999976;184.3077;32277.93399999999;164.062
S ;SUL;2026-09-21;32386.36;277.3433;12152.848000000002;104.0719
NE;NORDESTE;2026-09-22;2155.6620000000003;73.7567;2143.264;73.3325
N ;NORTE;2026-09-22;1096.5469999999998;48.5154;1095.422;48.4656
SE;SUDESTE;2026-09-22;36367.489;184.8483;33227.65700000001;168.8892
S ;SUL;2026-09-22;45306.255;387.9839;10792.700000000004;92.4242
NE;NORDESTE;2026-09-23;2141.754;73.2808;2130.278;72.8882
N ;NORTE;2026-09-23;1086.3780000000002;48.0655;1085.535;48.0282
SE;SUDESTE;2026-09-23;36072.63400000001;183.3497;33280.045000000006;169.1555
S ;SUL;2026-09-23;40754.372;349.0035;13055.822000000002;111.8046
NE;NORDESTE;2026-09-24;2116.169;72.4054;2106.996;72.0916
N ;NORTE;2026-09-24;1071.129;47.3908;1070.285;47.3535
SE;SUDESTE;2026-09-24;36871.123;187.4082;33852.738;172.0664
S ;SUL;2026-09-24;34323.025;293.9281;11230.687999999998;96.1749
